Feature,Intercept_mean,DX_ANX[T.True]_mean,Gender[T.Male]_mean,cobre[T.Yes]_mean,Age_mean,InBody_BMI_mean,Intercept_std,DX_ANX[T.True]_std,Gender[T.Male]_std,cobre[T.Yes]_std,Age_std,InBody_BMI_std,Intercept_hdi,DX_ANX[T.True]_hdi,Gender[T.Male]_hdi,cobre[T.Yes]_hdi,Age_hdi,InBody_BMI_hdi,lower,upper,significant,direction,full_taxonomy,taxonomy
TACGGAGGATGCGAGCGTTATCCGGATTTATTGGGTTTAAAGGGTGCGCAGGCGGCGTGCCAAGTCAGCGGTCAAACCGCCGGGCCCAACCCGGCGCCGCCGTTGATACTGGCCCGCTCGAGTGCGCGCGAGGGCGGCGGAACGCGCGGT,-5.648334154759996,-4.536988106000002,3.303983699144998,-1.0376349632125024,-0.0583153797892,-0.08396778067395,2.916221082420277,1.6034874260549397,1.5494201653099728,1.691023572434308,0.0824664893888997,0.1082856158814066,"(-11.0662, -0.0495083)","(-7.3867, -1.39098)","(0.39349, 6.27002)","(-4.40346, 2.14701)","(-0.206395, 0.101409)","(-0.299088, 0.104714)",2.8497118939999986,3.146008106000002,yes,HC,d__Bacteria; p__Bacteroidota; c__Bacteroidia; o__Bacteroidales; f__Muribaculaceae; g__Sodaliphilus; s__, g__Sodaliphilus
TACGGAGGGTGCGAGCGTTAATCGGAATAACTGGGCGTAAAGGGCACGCAGGCGGTGACTTAAGTGAGGTGTGAAAGCCCCGGGCTTAACCTGGGAATTGCATTTCATACTGGGTCGCTAGAGTACTTTAGGGAGGGGTAGAATTCCACG,-3.238309425,-0.7233309396099988,0.2610906790398502,-0.4641544172379994,-0.0457587457400001,-0.0500126655951499,0.4329216147176288,0.254806496420854,0.2198028693254217,0.23078566306323,0.0107038521084397,0.0167423748633276,"(-3.99295, -2.40329)","(-1.18142, -0.230175)","(-0.143998, 0.69159)","(-0.911077, -0.0681711)","(-0.0659058, -0.0262888)","(-0.0802854, -0.017676)",0.4580890603900011,0.4931559396099988,yes,HC,d__Bacteria; p__Proteobacteria; c__Gammaproteobacteria; o__Enterobacterales_A_737866; f__Pasteurellaceae; g__Haemophilus_D_735815; s__Haemophilus_D_735815 parainfluenzae, s__Haemophilus_D_735815 parainfluenzae
TACGGAGGGTGCAAGCGTTAATCGGAATAACTGGGCGTAAAGCGCACGCAGGCGGTTTGCTAAGCTAGATGTGAAAGCCCCGGGCTCAACCTGGGAACTGCATTTAGAACTGGCGAACTAGAGTCTTGTAGAGGGGGGTAGAATTCCAGG,-12.326947834250024,-5.763874115649994,0.0462126687900001,-3.795418447399998,0.03628730499465,-0.0117860251247145,3.973375153654821,3.241062394516216,2.2521999375728274,3.4702935295794632,0.1440685470387298,0.2031352124403218,"(-19.8943, -4.97108)","(-12.7246, -0.727938)","(-4.51787, 4.2805)","(-10.4264, 2.46489)","(-0.209473, 0.282388)","(-0.374523, 0.361248)",6.960725884350007,5.035936115649994,yes,HC,d__Bacteria; p__Proteobacteria; c__Gammaproteobacteria; o__Enterobacterales_A_737866; f__Aeromonadaceae; g__; s__, f__Aeromonadaceae
TACGTAGGGGGCAAGCGTTATCCGGAATTATTGGGCGTAAAGAGTGCGTAGGTGGTTACCTAAGCAGGGGGTGAAAGGCACTGGCTTAACCAATGTCAGCCCCCTGAACTGGGTACCTTGAGTGCAGGAGAGGAAAGCGGAATTCCTAGT,-9.405563520000008,-0.7929870408099975,0.172406495482,-0.2922964577649997,-0.0165576066254,0.0247359891396149,1.145590651644431,0.4271359614903837,0.5340318627157924,0.5250328336196364,0.0221022310394267,0.0407772308461688,"(-11.5672, -7.21288)","(-1.65144, -0.0417602)","(-0.790727, 1.20203)","(-1.28343, 0.68751)","(-0.0584659, 0.0261934)","(-0.0496257, 0.101701)",0.8584529591900025,0.7512268408099975,yes,HC,d__Bacteria; p__Firmicutes_A; c__Clostridia_258483; o__Peptostreptococcales; f__Anaerovoracaceae; g__; s__, f__Anaerovoracaceae
TACGTAAGGACCGAGCGTTGTCCGGAATCATTGGGCGTAAAGGGTACGTAGGCGGCTAGAAAAGTTAGAAGTCAAAGGCTATAGCTCAACTATAGTAAGCTTCTAAAACTATTTAGCTTGAGAAATGGAAGGGAAAGTGGAATTCCTAGT,-9.284067263149996,-5.835034739499994,-0.3719956284059995,-4.116499528465003,-0.0247552564734999,-0.05455037534215,4.212045269651734,3.2337645384250107,2.70184826795541,3.634192644892037,0.1397986566147429,0.1897391993797065,"(-16.9288, -1.37122)","(-12.0301, -0.0918637)","(-5.44314, 4.83248)","(-11.2709, 2.55878)","(-0.283308, 0.216258)","(-0.387507, 0.320318)",6.195065260500005,5.743171039499994,yes,HC,d__Bacteria; p__Firmicutes_A; c__Clostridia_258483; o__Tissierellales; f__Peptoniphilaceae; g__Anaerococcus; s__Anaerococcus nagyae, s__Anaerococcus nagyae
TACGTAGGGCGCGAGCGTTATCCGGAATTATTGGGCGTAAAGGGCTTGTAGGTGGCTGGTTGCGTCTGTCGTGAAAGCTCATGGCTTAACTGTGGGTTTGCGGTGGGTACGGGCTGGCTTGAGTGCAGTAGGGGAGACTGGAATTCCTGG,-2.7362859959000017,-2.44475362999,-1.278020266670001,0.3843106522320005,0.0193266298243,-0.2605644643484999,3.1515812448351066,1.200021756562899,1.5695499530135353,1.2513769275244075,0.0788225624890089,0.1271969461462224,"(-8.66206, 3.13366)","(-4.85841, -0.250354)","(-4.16813, 1.60949)","(-1.83077, 2.76267)","(-0.115976, 0.168166)","(-0.516817, -0.0368718)",2.41365637001,2.19439962999,yes,HC,d__Bacteria; p__Actinobacteriota; c__Actinomycetia; o__Actinomycetales; f__Actinomycetaceae; g__Varibaculum; s__Varibaculum timonense_A, s__Varibaculum timonense_A
TACGTAGGGGGCAAGCGTTATCCGGATTCACTGGGTGTAAAGGGAGCGTAGACGGCAAGGCAAGTCTGATGTGAAAACCCAGGGCTTAACCCTGGGACTGCATTGGAAACTGTCTGGCTCGAGTGCCGGAGAGGTAAGCGGAATTCCTAG,-8.500932666034988,-5.590458939950004,-2.711154816089993,5.9732921278000095,0.2027236915260003,-0.7223474374465,4.28034928810368,3.1733603728005995,3.7300610038885,2.865049897860233,0.2899214120829592,0.4509535104144698,"(-16.2635, -0.0336629)","(-11.8186, -0.132509)","(-9.46865, 3.9863)","(0.742223, 11.2096)","(-0.123834, 0.462419)","(-1.3405, -0.0754281)",6.228141060049996,5.457949939950004,yes,HC,d__Bacteria; p__Firmicutes_A; c__Clostridia_258483; o__Lachnospirales; f__Lachnospiraceae; g__Fusicatenibacter; s__Fusicatenibacter saccharivorans, s__Fusicatenibacter saccharivorans
TACGTAGGGCGCGAGCGTTGTCCGGAATTATTGGGCGTAAAGAGCTTGTAGGCGGTTTGTCGCGTCTGCTGTGAAAGGCCGGGGCTTAACTCCGTGTATTGCAGTGGGTACGGGCAGACTAGAGTGCAGTAGGGGAGACTGGAATTCCTG,-6.0890565300000015,-2.6025517510000014,-1.2827920649395033,-0.0426012139345,0.0251976887732499,-0.1606404956500002,1.9504718949090496,0.7852429425184492,0.9142171672203236,0.93924886738673,0.0349926808351855,0.0647947963601208,"(-9.75612, -2.43811)","(-4.02126, -1.14211)","(-3.0441, 0.386646)","(-2.01123, 1.5464)","(-0.0386851, 0.0908394)","(-0.288591, -0.0439706)",1.4187082489999985,1.4604417510000014,yes,HC,d__Bacteria; p__Actinobacteriota; c__Actinomycetia; o__Actinomycetales; f__Micrococcaceae; g__Rothia; s__Rothia sp001808955, s__Rothia sp001808955
TACGTAGGGGGCAAGCGTTATCCGGATTTACTGGGTGTAAAGGGAGCGCAGGCGGCAGGGCAAGTCAGATGTGAAATACTGGGGCTCAACCCCGGGACTGCATTTGAAACTGTCCGGCTAGAGTGCAGGAGAGGCAGGCGGAATTCCTAG,-10.104311086330013,-6.5793402530800025,-0.0068479668289999,-1.606490702453997,-0.2352355162225499,0.2327512724029999,3.9974778128944912,3.3816111020310458,2.732866585087831,2.736840722110997,0.2287941604350188,0.2768675025858521,"(-17.2931, -2.21352)","(-13.413, -0.646668)","(-5.14658, 5.17025)","(-6.31806, 3.63621)","(-0.67894, 0.115474)","(-0.308826, 0.727138)",6.833659746919998,5.9326722530800025,yes,HC,d__Bacteria; p__Firmicutes_A; c__Clostridia_258483; o__Lachnospirales; f__Lachnospiraceae; g__Butyribacter; s__, g__Butyribacter
TACGTAGGGGGCAAGCGTTATCCGGATTTACTGGGTGTAAAGGGAGCGTAGATGGCATGGCAAGTCTGAAGTGAAAGCCCGGGGCTTAACCCCGGGACTGCTTTGGAAACTGTTAAGCTAGAGTGCAGGAGAGGTAAGCGGAATTCCTAG,-7.272348345649987,-8.858054229000002,-1.5021448472695016,0.048065044425,-0.139024067332,0.1296907366097751,3.875145913668473,2.7727016198981755,2.0473572309831374,2.1521988701070804,0.0917339832331246,0.1743450357335696,"(-15.0775, -0.493434)","(-14.4823, -3.9286)","(-5.63361, 2.3443)","(-4.19923, 3.81369)","(-0.29777, 0.0427517)","(-0.187411, 0.469486)",5.624245770999998,4.929454229000003,yes,HC,d__Bacteria; p__Firmicutes_A; c__Clostridia_258483; o__Lachnospirales; f__Lachnospiraceae; g__G11; s__G11 sp900103495, s__G11 sp900103495
TACGTAGGTCCCGAGCGTTATCCGGATTTATTGGGCGTAAAGCGAGCGCAGGCGGTTAGATAAGTCTGAAGTTAAAGGCTGTGGCTTAACCATAGTACGCTTTGGAAACTGTTTAACTTGAGTGCAGAAGGGGAGAGTGGAATTCCATGT,-7.7399861749999985,-0.6852923560899984,0.05928161845455,-0.6759411015530008,-0.02131224753428,0.0095939398540499,0.630278376267518,0.2971955789657244,0.3232657037193745,0.3460232438234017,0.0170228168529668,0.0258586865153136,"(-8.85103, -6.53433)","(-1.21149, -0.101761)","(-0.550326, 0.639986)","(-1.32879, -0.0375093)","(-0.0535533, 0.00944667)","(-0.0383925, 0.0564214)",0.5261976439100016,0.5835313560899984,yes,HC,d__Bacteria; p__Firmicutes_D; c__Bacilli; o__Lactobacillales; f__Streptococcaceae; g__Streptococcus; s__Streptococcus australis, s__Streptococcus australis
AACGTAGGGTGCAAGCGTTGTCCGGAATTACTGGGTGTAAAGGGAGCGCAGGCGGACCGGCAAGTTGGAAGTGAAATCCATGGGCTTAACCCGTGAATTGCTTTCAAAACTGCTGGCCTTGAGTAGTGCAGAGGTAGGTGGAATTCCCGG,-13.587253265999996,-5.788283986185006,-0.09244445075,-3.737309334694992,0.0088003355332999,0.0698758779659501,4.433114752853129,3.128225385787136,2.2618758680514213,3.65391696449411,0.156057195634768,0.2165915445722877,"(-21.1686, -4.48787)","(-11.7486, -0.0849491)","(-4.48682, 3.97957)","(-10.8013, 2.92472)","(-0.285186, 0.301205)","(-0.328388, 0.474398)",5.960316013814993,5.703334886185006,yes,HC,d__Bacteria; p__Firmicutes_A; c__Clostridia_258483; o__Oscillospirales; f__Ruminococcaceae; g__Gemmiger_A_73129; s__, g__Gemmiger_A_73129
TACGTAGGGAGCGAGCGTTATCCGGATTTACTGGGTGTAAAGGGCGTGTAGGCGGGGAAGCAAGTCAGATGTGAAAACCAGTGGCTCAACCACTGGCCTGCATTTGAAACTGTTTTTCTTGAGTGATGGAGAGGCAGGCGGAATTCCCGG,-14.704077453499997,-5.884240390950005,0.4305098866289989,-3.9841297019499913,0.04229395964265,0.0327994371842999,3.463707712253154,3.0222218703540507,1.510453956039713,3.32106368213797,0.0628703456895608,0.1210406188605721,"(-21.1465, -7.90446)","(-11.4497, -0.396178)","(-2.36173, 3.40945)","(-10.5579, 1.52287)","(-0.0620591, 0.170636)","(-0.195615, 0.263636)",5.565459609049995,5.488062390950005,yes,HC,d__Bacteria; p__Firmicutes_A; c__Clostridia_258483; o__Oscillospirales; f__Oscillospiraceae_88309; g__Evtepia; s__Evtepia gabavorous, s__Evtepia gabavorous
TACGTAGGTGGCAAGCGTTGTCCGGATTTATTGGGCGTAAAGCGAGCGCAGGCGGTTCCTTAAGTCTGATGTGAAAGCCCCCGGCTCAACCGGGGAGGGTCATTGGAAACTGGGGAACTTGAGTGCAGAAGAGGAGAGTGGAATTCCATG,-5.363869299649999,-1.7131421978249983,-0.6228319522291508,-0.1319713912640002,-0.03082878401725,-0.0997561803442501,1.7666622697859964,0.7698451655014595,0.8355179057797323,0.7667426587316466,0.046909456134677,0.0663116634898155,"(-8.53321, -1.99551)","(-3.23011, -0.310181)","(-2.14623, 0.970966)","(-1.45538, 1.45636)","(-0.12178, 0.0532794)","(-0.225309, 0.0219151)",1.5169678021750015,1.4029611978249983,yes,HC,d__Bacteria; p__Firmicutes_D; c__Bacilli; o__Lactobacillales; f__Aerococcaceae; g__Granulicatella; s__Granulicatella adiacens, s__Granulicatella adiacens
TACGTAGGGGGCAAGCGTTATCCGGATTTACTGGGTGTAAAGGGAGCGTAGACGGTTTTGCAAGTCTGAAGTGAAAGCCCGGGGCTTAACCCCGGGACTGCTTTGGAAACTGTAGAACTAGAGTGCAGGAGAGGTAAGTGGAATTCCTAG,-5.72155152,-0.7043896112750002,-0.2529618017789996,0.7088639159700019,-0.0081789526393499,0.0122024364024499,0.6440291600023177,0.2857214195491938,0.3222622343549484,0.3194135071441178,0.0159802494290053,0.0265385239773445,"(-6.87684, -4.50872)","(-1.24762, -0.168011)","(-0.84333, 0.348751)","(0.0733788, 1.28311)","(-0.0373804, 0.0232012)","(-0.0374491, 0.0600211)",0.5432303887249997,0.5363786112750002,yes,HC,d__Bacteria; p__Firmicutes_A; c__Clostridia_258483; o__Lachnospirales; f__Lachnospiraceae; g__Acetatifactor; s__Acetatifactor sp900066565, s__Acetatifactor sp900066565
TACGTAGGTGGCAAGCGTTGTCCGGAATTATTGGGCGTAAAGCGCGCGCAGGCGGATTGGTCAGTCTGTCTTAAAAGTTCGGGGCTTAACCCCGTGATGGGATGGAAACTGCCAATCTAGAGTATCGGAGAGGAAAGTGGAATTCCTAGT,-5.166328960000008,-0.9286877180000004,-0.4123095920670001,0.0263727340354999,-0.0255738971885999,-0.0413096224419999,0.610896013155527,0.2424616401907021,0.2719822338860214,0.2856212004121797,0.0121327620308981,0.0226691548369655,"(-6.3398, -4.05892)","(-1.36155, -0.432684)","(-0.928862, 0.104609)","(-0.503746, 0.579931)","(-0.0480793, -0.00215222)","(-0.0818016, 0.00110527)",0.43286228199999965,0.49600371800000037,yes,HC,d__Bacteria; p__Firmicutes_C; c__Negativicutes; o__Veillonellales; f__Veillonellaceae; g__Veillonella_A; s__Veillonella_A dispar, s__Veillonella_A dispar
TACGTATGGTGCAAGCGTTATCCGGATTTACTGGGTGTAAAGGGAGCGTAGACGGAATGGCAAGTCTGATGTGAAAGGCCGGGGCTCAACCCCGGGACTGCATTGGAAACTGTCAATCTAGAGTACCGGAGGGGTAAGTGGAATTCCTAG,-14.186861130999985,-6.146040782200002,-1.072736872129,0.9863047408099996,0.0332077668497,0.0414854681064999,4.669733022507265,3.3232487669450905,2.6043109227284464,2.818754657679856,0.1222976851434311,0.1878080242234997,"(-22.2544, -4.67809)","(-12.6771, -0.645279)","(-5.78279, 4.25227)","(-4.17858, 6.70312)","(-0.199372, 0.269549)","(-0.306963, 0.391429)",6.5310592177999975,5.5007617822000014,yes,HC,d__Bacteria; p__Firmicutes_A; c__Clostridia_258483; o__Lachnospirales; f__Lachnospiraceae; g__Oliverpabstia; s__, g__Oliverpabstia
TACGTATGGAGCAAGCGTTATCCGGATTTATTGGGCGTAAAGCGCGCGTAGGCGGCTTGTTAAGCAAGGTCTTAAATCTTGGGGCTCAACCTCAAGCCGGATCTTGAACTGGCAGGCTCGAGTATGGTAGAGGAAAGTGGAATTCCCAGT,-8.111154489999999,-1.4080892226050017,-0.5220853394620001,-0.0241716274815,0.01338851186005,-0.05523473478585,1.6461517924513327,0.677478315828855,0.7799315137228502,0.7148944079894424,0.0299910156369389,0.0497347768810313,"(-10.7984, -4.66859)","(-2.71416, -0.175335)","(-2.0103, 0.916158)","(-1.38183, 1.28295)","(-0.0424033, 0.0687578)","(-0.147127, 0.0361864)",1.3060707773949984,1.2327542226050017,yes,HC,d__Bacteria; p__Actinobacteriota; c__Coriobacteriia; o__Coriobacteriales; f__Eggerthellaceae; g__CAG-1427; s__CAG-1427 sp000435675, s__CAG-1427 sp000435675
TACGGAAGGTCCAGGCGTTATCCGGATTTATTGGGTTTAAAGGGTGCGTAGGCCGTTTGATAAGCGTGCTGTGAAATATAGTGGCTCAACCTCTATCGTGCAGCGCGAACTGTTGAACTTGAGTGCGTAGTAGGTAGGCGGAATTCGTGG,-7.00127274475,-2.936289304959999,0.144827102042,0.9517309360460002,-0.0728127061719002,0.0110448315996999,2.5225443757500705,1.3554392458924411,1.7216050515523798,1.4296713941425403,0.1120966282352689,0.1322523605194973,"(-11.2638, -2.0171)","(-5.70746, -0.44568)","(-3.03027, 3.44153)","(-1.6276, 3.87926)","(-0.29409, 0.132396)","(-0.235922, 0.259661)",2.7711706950400012,2.490609304959999,yes,HC,d__Bacteria; p__Bacteroidota; c__Bacteroidia; o__Bacteroidales; f__Bacteroidaceae; g__Prevotella; s__Prevotella nanceiensis, s__Prevotella nanceiensis
TACGTAGGTGGCAAGCGTTATCCGGAATTATTGGGCGTAAAGCGCGCGTAGGCGGTTTTTTAAGTCTGATGTGAAAGCCCACGGCTCAACCGTGGAGGGTCATTGGAAACTGGAAAACTTGAGTGCAGAAGAGGAAAGTGGAATTCCATG,-3.835521449999992,-1.0245425115000009,0.7944844349000011,-1.747958579,-0.0167855284612999,-0.08374218059,0.813592345762359,0.3316682474788182,0.3564650299756762,0.3504606680509766,0.0148465143435361,0.0294173401289518,"(-5.43049, -2.39441)","(-1.67167, -0.419432)","(0.130225, 1.48013)","(-2.40175, -1.11428)","(-0.0421924, 0.0137418)","(-0.133024, -0.0234066)",0.6471274884999991,0.6051105115000008,yes,HC,d__Bacteria; p__Firmicutes_D; c__Bacilli; o__Staphylococcales; f__Staphylococcaceae; g__Staphylococcus; s__Staphylococcus caprae, s__Staphylococcus caprae
TACGTATGTCGCAAGCGTTATCCGGATTTATTGGGCGTAAAGCGCGTCTAGGCGGCAAGGAAAGTCTGATGTGAAAATGCGGGGCTCAACTCCGTATTGCGTTGGAAACTGCCTTACTAGAGTACTGGAGAGGTAGGCGGAACTACAAGT,-7.348353066799994,-3.4968996000100026,4.995715831200004,-0.12463459599,-0.1883566575105,0.08705469147495,3.248337367114229,1.3391799136355529,1.9005188694308504,1.513833319406967,0.1131598300760685,0.1534488926385184,"(-13.3902, -1.30099)","(-6.00924, -0.994506)","(1.59304, 8.76458)","(-2.90212, 2.78527)","(-0.395982, 0.0207881)","(-0.20511, 0.366706)",2.5123403999899976,2.5023936000100027,yes,HC,d__Bacteria; p__Fusobacteriota; c__Fusobacteriia; o__Fusobacteriales_993521; f__Fusobacteriaceae_993521; g__Fusobacterium_C; s__Fusobacterium_C necrophorum, s__Fusobacterium_C necrophorum
TACGTATGTCACAAGCGTTATCCGGATTTATTGGGCGTAAAGCGCGTCTAGGTGGTTATGTAAGTCTGATGTGAAAATGCAGGGCTCAACTCTGTATTGCGTTGGAAACTGCATGACTAGAGTACTGGAGAGGTAAGCGGAACTACAAGT,-3.5587935292800017,-3.2340781328030026,-3.131953577680004,-1.454559588629002,0.0006571984009749,-0.1132087820775499,2.1546654934805938,1.307519364583529,1.302870591146248,1.2962273989755415,0.0869901571590651,0.1126477449616654,"(-7.53118, 0.676615)","(-5.65029, -0.848623)","(-5.62824, -0.746912)","(-3.8525, 1.05299)","(-0.152543, 0.171998)","(-0.326008, 0.0856867)",2.4162118671969974,2.3854551328030027,yes,HC,d__Bacteria; p__Fusobacteriota; c__Fusobacteriia; o__Fusobacteriales_993521; f__Fusobacteriaceae_993521; g__Fusobacterium_C; s__Fusobacterium_C periodonticum_D, s__Fusobacterium_C periodonticum_D
TACGTAGGGTGCGAGCGTTGTCCGGAATTACTGGGCGTAAAGAGCTCGTAGGTGGTTTGTCGCGTCGTCTGTGAAATCCCGGGGCTTAACTTCGGGCGTGCAGGCGATACGGGCATAACTAGAGTGCTGTAGGGGAGACTGGAATTCCTG,-8.32751448655,-3.840080312034499,1.5704399197,-1.5142119063684991,-0.0334943025414999,0.0934850572313999,3.185933428028568,1.3422059692704384,1.420021904283641,1.6317229236889212,0.0668179393609605,0.1278313998346063,"(-13.9866, -2.00503)","(-6.46292, -1.40099)","(-1.00451, 4.42984)","(-4.67204, 1.51734)","(-0.159918, 0.0899773)","(-0.145967, 0.330731)",2.6228396879655014,2.439090312034499,yes,HC,d__Bacteria; p__Actinobacteriota; c__Actinomycetia; o__Mycobacteriales; f__Mycobacteriaceae; g__Corynebacterium; s__Corynebacterium jeikeium, s__Corynebacterium jeikeium
TACGTAGGGTGCGAGCGTTGTCCGGAATTACTGGGCGTAAAGAGCTCGTAGGTGGTTTGTCGCGTCGTCTGTGAAATTCCGGGGCTTAACTTCGGGCGTGCAGGCGATACGGGCATAACTTGAGTGCTGTAGGGGAGACTGGAATTCCTG,-6.187326376699996,-1.625655603399999,1.6158446092100032,-0.2132814031369999,0.004858333406655,0.0009404710357999,2.35337438465217,0.7152888351077277,0.8712696155170242,0.9189658076278272,0.037474191060114,0.0663178845138521,"(-10.7242, -1.89933)","(-2.91507, -0.25584)","(0.0673155, 3.25167)","(-1.88199, 1.51415)","(-0.0623179, 0.0776606)","(-0.132026, 0.119538)",1.2894143966000011,1.3698156033999989,yes,HC,d__Bacteria; p__Actinobacteriota; c__Actinomycetia; o__Mycobacteriales; f__Mycobacteriaceae; g__Corynebacterium; s__, g__Corynebacterium
TACGTAGGGGGCAAGCGTTATCCGGATTTACTGGGTGTAAAGGGAGCGCAGACGGCACTACAAGTCTGAAGTGAAAGCCCGGGGCTCAACCCCGGGACTGCTTTGGAAACTGTAGAGCTAGAGTGCTGGAGAGGCAAGCGGAATTCCTAG,-12.078689007099976,-5.389018678699992,-4.676047322804994,-4.129536088759998,-0.0373847321314999,0.0454372097189998,3.7324159505304713,3.249041027468633,3.6515778231087617,3.616178795811222,0.1414227075972373,0.2081831063613685,"(-18.5462, -4.55291)","(-12.0176, -0.230358)","(-11.6958, 2.17839)","(-11.8358, 1.944)","(-0.301194, 0.220757)","(-0.365941, 0.411524)",6.6285813213000075,5.1586606786999925,yes,HC,d__Bacteria; p__Firmicutes_A; c__Clostridia_258483; o__Lachnospirales; f__Lachnospiraceae; g__Enterocloster; s__Enterocloster sp000431375, s__Enterocloster sp000431375
TACGTAGGGGGCAAGCGTTATCCGGATTTACTGGGTGTAAAGGGTGCGTAGGTGGCAAGGCAAGTCAGATGTGAAAGCCCGGGGCTCAACCCCGGTACTGCATTTGAAACTGTCTGGCTAGAGTGCAGGAGAGGTAAGCGGAATTCCTAG,-7.562547163999995,-3.614509526999998,-1.178996626921497,1.4604976406800003,-0.0774461890443001,0.0394159461107999,2.7236649460799462,1.331364874776927,1.3232399776800183,1.289884695405315,0.0577096290816167,0.0723293789630762,"(-12.2262, -2.12956)","(-6.02114, -0.981909)","(-3.70037, 1.37438)","(-0.9664, 3.87803)","(-0.184736, 0.0282778)","(-0.0938039, 0.177833)",2.406630473000002,2.632600526999998,yes,HC,d__Bacteria; p__Firmicutes_A; c__Clostridia_258483; o__Lachnospirales; f__Lachnospiraceae; g__Eubacterium_F; s__Eubacterium_F sp003491505, s__Eubacterium_F sp003491505
TACGTAGGGCGCAAGCGTTGTCCGGAATTATTGGGCGTAAAGGGCTTGTAGGTGGCTTGTCGCGTCTGCCGTGAAAACCCAGGGCTTAACTCTGGGCGTGCGGTGGGTACGGGCAGGCTAGAGTGCGGTAGGGGAGACTGGAATTCCTGG,-6.628250753750003,-4.957380582500005,-0.121314285945,-2.486066248890008,-0.0484201810599999,-0.0175506705359999,3.4966105392578197,1.8930907584490857,2.0010149521681906,2.0077200755322844,0.0797282988961891,0.1179177824287611,"(-13.5437, -0.623659)","(-8.6505, -1.56204)","(-3.7571, 3.61709)","(-6.59855, 1.15975)","(-0.182899, 0.0866333)","(-0.242469, 0.194243)",3.693119417499994,3.395340582500005,yes,HC,d__Bacteria; p__Actinobacteriota; c__Actinomycetia; o__Actinomycetales; f__Dermabacteraceae; g__Dermabacter; s__Dermabacter vaginalis, s__Dermabacter vaginalis
TACGTAGGGGGCAAGCGTTATCCGGAATTATTGGGCGTAAAGAGTGCGTAGGTGGTTACCTAAGCGCAGGGTATAAGGCAATGGCTCAACCATTGTTGGCCCTGCGAACTGGGCTACTTGAGTGCAGGAGAGGAAAGCGGAATTCCTAGT,-9.081793516549997,-6.120478740520019,2.1429546231299987,4.398722036650006,0.1557657838700997,-0.4069590489649996,4.533728293516156,3.3829639993724507,2.8563484860835664,2.759212018540825,0.2085406125125618,0.3043311592643065,"(-16.851, -0.721508)","(-13.3184, -0.214568)","(-3.13866, 7.65587)","(-0.672345, 9.53416)","(-0.170696, 0.545616)","(-0.956249, 0.121186)",7.1979212594799815,5.905910740520019,yes,HC,d__Bacteria; p__Firmicutes_A; c__Clostridia_258483; o__Peptostreptococcales; f__Anaerovoracaceae; g__Emergencia; s__, g__Emergencia
TACGTAGGGGGCAAGCGTTGTCCGGAATTATTGGGCGTAAAGAGTACGTAGGCGGTCTGGTAAGCGCAAGGTGAAAGGCATAGGCTCAACCAATGTCAGCCTTGCGAACTGTCAGACTTGAGTGCAGGAGGGGAAAGTGGAATTCCTAGT,-12.466046000000016,-6.256150273800006,3.0647188611550096,-3.946242217430002,0.1270876768350001,-0.1874145335450001,3.4781361159623394,2.904876303442844,1.7503696391731691,3.3616189326644337,0.0750631089289499,0.1602807014724715,"(-18.483, -5.34293)","(-11.8325, -1.30795)","(-0.125041, 6.5065)","(-10.788, 1.8369)","(0.00776903, 0.280726)","(-0.480156, 0.0985973)",5.576349726199994,4.948200273800006,yes,HC,d__Bacteria; p__Firmicutes_A; c__Clostridia_258483; o__Peptostreptococcales; f__Anaerovoracaceae; g__; s__, f__Anaerovoracaceae
TACGTAGGTGGCAAGCGTTGTCCGGATTTACTGGGTGTAAAGGGCGTGTAGCCGGGGAGACAAGTCAGATGTGAAATCTGGAGGCTCAACCTCCAAACTGCATTTGAAACTGTTTCTCTTGAGTATCGGAGAGGTAATCGGAATTCCTAG,-8.230507240000005,-0.6171541209100002,0.4573008333395504,0.3559164226610001,0.00683513328614,-0.0209051575256999,0.8171470195062712,0.3353351326326851,0.3886729125267006,0.3714487856242731,0.0167596075028887,0.0294286963776794,"(-9.74022, -6.77456)","(-1.28785, -0.0306669)","(-0.267094, 1.16083)","(-0.398466, 0.999805)","(-0.0217435, 0.0393643)","(-0.0787743, 0.0329196)",0.6706958790899997,0.5864872209100002,yes,HC,d__Bacteria; p__Firmicutes_A; c__Clostridia_258483; o__Oscillospirales; f__Oscillospiraceae_88309; g__; s__, f__Oscillospiraceae_88309
TACGGAGGGTGCAAGCGTTAATCGGAATTACTGGGCGTAAAGCGCACGCAGGCGGTCAATTAAGTCAGATGTGAAAGCCCCGAGCTTAACTTGGGAATTGCATCTGAAACTGGTTGGCTAGAGTCTTGTAGAGGGGGGTAGAATTCCATG,-11.43302514705,-3.5846240778000062,0.4480799379949997,0.007648441791,-0.1190130230080001,0.3091896871545006,3.6543975862905738,1.388321380288154,1.4087600399692437,1.71109591874078,0.0693729267928657,0.1554478099211267,"(-18.4092, -4.91323)","(-6.0305, -0.788865)","(-2.23418, 2.97512)","(-3.32326, 3.08627)","(-0.258241, 0.00694204)","(0.0234216, 0.597674)",2.4458759221999937,2.7957590778000063,yes,HC,d__Bacteria; p__Proteobacteria; c__Gammaproteobacteria; o__Enterobacterales_A_737866; f__Enterobacteriaceae_A; g__Proteus; s__, g__Proteus
TACGTATGGAGCAAGCGTTATCCGGATTTACTGGGTGTAAAGGGAGCGTAGACGGCAGGGCAAGTCTGATGTGAAAACCCGGGGCTCAACCCCGGGACTGCATTGGAAACTGTCCGGCTGGAGTGCAGGAGAGGTAAGTGGAATTCCTAG,-10.458288736349994,-7.45688275785001,-1.2597879549810005,0.6502305927550006,-0.0308457341635,0.0680775612893999,3.7765094930212526,3.011921575440259,2.6174298378393206,2.76150235394649,0.1285337179084764,0.1985571349486112,"(-18.1535, -3.65822)","(-13.4322, -2.165)","(-6.41384, 4.0225)","(-4.50965, 5.61304)","(-0.281297, 0.21283)","(-0.318873, 0.416592)",5.97531724214999,5.29188275785001,yes,HC,d__Bacteria; p__Firmicutes_A; c__Clostridia_258483; o__Lachnospirales; f__Lachnospiraceae; g__G11; s__, g__G11
TACGTAGGGCGCGAGCGTTGTCCGGAATTATTGGGCGTAAAGGGCTCGTAGGCGGTTTGTCGCGTCTAGCGTTTAAGGCTCGGGCTTAACCCGGGTTTGCGTTGGGTACGGGCAGGCTTGAGTGCGGTAGGGGTAACTGGAATTCCTGGT,-9.4793564754,-2.4110999747000017,1.057805962199999,0.3232750848499999,0.1072900664004999,-0.06204244510095,2.260384184887558,0.9997845567045308,1.1666475525945548,1.0927288598181708,0.0531013289140257,0.0979493453433528,"(-13.9939, -5.30569)","(-4.16574, -0.534622)","(-1.34016, 3.07291)","(-1.59692, 2.44222)","(0.0161077, 0.220997)","(-0.244474, 0.129524)",1.7546400252999987,1.8764779747000015,yes,HC,d__Bacteria; p__Actinobacteriota; c__Actinomycetia; o__Actinomycetales; f__Actinomycetaceae; g__Winkia; s__Winkia neuii, s__Winkia neuii
TACGTAGGGTACTAGCGTTGTCCGGAATTATTGGGCGTAAAGAGCTCGTAGGTGGTTTGTCGCGTCTGCTGTGGAAACGTGCCGCTTAACGGTGCGCGTGCAGTGGGTACGGGCGGACTAGAGTGCAGTAGGGGAGTCTGGAATTCCTGG,-4.534030308199,-5.77064100494999,2.6783349503848903,-1.1633220483720002,-0.0344865069584999,-0.0327754955065,4.427624953970553,2.499777981312274,2.757870706824286,2.102289563705841,0.1715553116882933,0.2293386281400215,"(-12.8014, 3.68982)","(-10.3817, -0.988557)","(-2.46467, 7.69799)","(-5.15198, 2.96274)","(-0.405469, 0.245209)","(-0.431882, 0.401743)",4.61105899505001,4.78208400494999,yes,HC,d__Bacteria; p__Actinobacteriota; c__Actinomycetia; o__Actinomycetales; f__Brevibacteriaceae; g__Brevibacterium; s__Brevibacterium mcbrellneri, s__Brevibacterium mcbrellneri
TACGTATGGGGCGAGCGTTATCCGGATTCATTGGGCGTAAAGCGCGCGTAGGCGGAGCGCTAAGCGGGACCTCTAACCCGAGGGCTCAACCCCCGGCCGGGTCCCGAACTGGCGCTCTCGAGTGCGGTAGGGGAGAGCGGAATTCCCGGT,-11.317642009999997,-2.049045357115002,2.6066482663,0.1545486678805002,-0.0461138049239999,0.0961942835520001,2.560699440294852,0.9920990235620308,1.090513327286123,1.0892442552923298,0.0515609829400379,0.0974175860105329,"(-16.2746, -6.70321)","(-4.06998, -0.363782)","(0.578999, 4.67312)","(-1.75187, 2.37472)","(-0.139313, 0.0524375)","(-0.0860425, 0.274074)",2.020934642884998,1.685263357115002,yes,HC,d__Bacteria; p__Actinobacteriota; c__Coriobacteriia; o__Coriobacteriales; f__Eggerthellaceae; g__Senegalimassilia; s__Senegalimassilia faecalis, s__Senegalimassilia faecalis
TACGTAGGGTGCAAGCGTTGTCCGGAATTATTGGGCGTAAAGAGCTCGTAGGCGGTTTGTCGCGTCTGCTGTGAAATTCCGAGGCTCAACCTCGGGCGTGCAGTGGGTACGGGCAGACTTGAGTGCGGTAGGGGAGATTGGAATTCCTGG,-5.922707277659989,-7.972262539799989,3.647711364367494,-2.802874476617497,0.2496195223749999,-0.4644367590749996,4.59720314399373,3.125606176621242,2.321998100785571,2.796508529002496,0.1536347751866933,0.2634650678774399,"(-15.1183, 2.15283)","(-13.8157, -2.25171)","(-0.427452, 8.33298)","(-7.51931, 2.49723)","(-0.0281995, 0.541763)","(-0.960592, 0.0270852)",5.84343746020001,5.720552539799989,yes,HC,d__Bacteria; p__Actinobacteriota; c__Actinomycetia; o__Actinomycetales; f__Microbacteriaceae; g__Gulosibacter; s__Gulosibacter bifidus, s__Gulosibacter bifidus
AACGTAGGTGGCAAGCGTTGTCCGGAATTACTGGGTGTAAAGGGAGCGCAGGCGGACTAGCAAGTTGGAAGTGAAATCTATGGGCTCAACCCATAAATTGCTTTCAAAACTGCCGGTCTTGAGTAGTGCAGAGGTAGGCGGAATTCCCGG,-15.177186209999975,-4.814688749948493,1.148166355092499,-3.103815364355004,0.1350865039625002,-0.1664191964439998,3.206000186261884,2.7970432159727348,1.4821305281150992,3.349880960699437,0.0741726472539186,0.1585894306176736,"(-21.0436, -9.26424)","(-10.1815, -0.268317)","(-1.35702, 4.12807)","(-9.46766, 2.5925)","(0.021054, 0.269878)","(-0.474133, 0.0924171)",5.366811250051507,4.546371749948493,yes,HC,d__Bacteria; p__Firmicutes_A; c__Clostridia_258483; o__Oscillospirales; f__Ruminococcaceae; g__Gemmiger_A_73129; s__, g__Gemmiger_A_73129
TACGTAGGGGGCAAGCGTTATCCGGATTTACTGGGTGTAAAGGGAGCGTAGACGGCACAGCAAGTCTGATGTGAAAGCCCGGGGCTCAACCCCGGAACTGCATTGGAAACTGCTGGGCTTGAGTGCAGGAGAGGTAAGCGGAATTCCTAG,-11.042434491000002,-4.835667865800006,1.1290209339924997,-1.4934671396610004,-0.0486479858354764,0.1030373555295,4.619399461049751,2.5332935932730942,2.321024649192162,2.966170180833042,0.1610371180455624,0.2412474962690535,"(-19.9156, -2.53891)","(-9.95519, -0.0593355)","(-3.49601, 5.20756)","(-6.87886, 4.29725)","(-0.35318, 0.250578)","(-0.351958, 0.541034)",5.119522134199994,4.776332365800005,yes,HC,d__Bacteria; p__Firmicutes_A; c__Clostridia_258483; o__Lachnospirales; f__Lachnospiraceae; g__COE1; s__, g__COE1
TACGGAGGATCCGAGCGTTATCCGGATTTATTGGGTTTAAAGGGTGCGTAGGCTGTTTTTTAAGTTAGAGGTGAAAGCTCGACGCTCAACGTCGAAATTGCCTCTGATACTGAGAGACTAGAGTGTAGTTGCGGAAGGCGGAATGTGTGG,-6.51968645500002,-1.6335872515050007,-0.6099200757770002,0.3327913462899993,0.0187568842831949,-0.0337228007056499,1.3819360578468105,0.515482000131381,0.6267802990767762,0.6003338067271261,0.0301177131759963,0.044047218896032,"(-9.1752, -4.10978)","(-2.5698, -0.664477)","(-1.76612, 0.566038)","(-0.836056, 1.40378)","(-0.0385265, 0.0756521)","(-0.115847, 0.045428)",0.9362127484949991,0.9691102515050007,yes,HC,d__Bacteria; p__Bacteroidota; c__Bacteroidia; o__Bacteroidales; f__Rikenellaceae; g__Alistipes_A_871404; s__Alistipes_A_871404 ihumii, s__Alistipes_A_871404 ihumii
TACGTAGGGTGCAAGCGTTAATCGGAATTACTGGGCGTAAAGGGTGCGCAGGCGGCTATGCAAGACAGATGTGAAATCCCCGGGCTTAACCTGGGAACTGCATTTGTGACTGCATGGCTAGAGTTTGTCAGAGGAGGGTGGAATTCCGCG,-12.226445862500007,-4.979235962600001,-5.531434704025009,2.8871820834800026,0.12547320872555,-0.0888249881281499,4.463991424095286,2.483830215591235,3.330835368846123,1.870107668736832,0.0980282719005157,0.177047135019258,"(-20.0247, -3.71905)","(-9.75235, -0.292988)","(-12.1773, 0.408586)","(-0.630635, 6.43386)","(-0.0412174, 0.309766)","(-0.424743, 0.235299)",4.773114037399999,4.6862479626,yes,HC,d__Bacteria; p__Proteobacteria; c__Gammaproteobacteria; o__Burkholderiales_595427; f__Burkholderiaceae_A_595427; g__Mesosutterella; s__, g__Mesosutterella
TACGTAGGTGGCAAGCGTTGTCCGGATTTACTGGGTGTAAAGGGCGTGTAGCCGGAGAGACAAGTCAGATGTGAAATCCGCGGGCTCAACCCGCGAACTGCATTTGAAACTGTTTCCCTTGAGTATCGGAGAGGTAACCGGAATTCCTAG,-8.995667705999997,-2.4893852016000007,-0.0606830305289999,0.0442937355999999,0.1887605014669995,-0.253163870676,2.8717465288542847,1.2496424340188064,1.3882500955919594,1.3884997990309027,0.0864540333000377,0.1247512983015352,"(-14.7746, -4.09801)","(-4.90232, -0.151066)","(-2.67342, 2.55137)","(-2.37096, 2.92524)","(0.0396466, 0.350143)","(-0.498606, -0.0317271)",2.412934798399999,2.3383192016000005,yes,HC,d__Bacteria; p__Firmicutes_A; c__Clostridia_258483; o__Oscillospirales; f__Oscillospiraceae_88309; g__Dysosmobacter; s__Dysosmobacter sp000403435, s__Dysosmobacter sp000403435
TACGTAGGGTGCGAGCGTTAATCGGAATTACTGGGCGTAAAGCGAGCGCAGACGGTTACTTAAGCAGGATGTGAAATCCCCGGGCTCAACCTGGGAACTGCGTTCTGAACTGGGTGACTAGAGTGTGTCAGAGGGAGGTAGAATTCCACG,-3.961242710000009,-1.585927546499998,-0.6170022653300006,0.5799725923800011,-0.0224321431278499,-0.0864540291499999,0.5658764574762379,0.2536011318473771,0.2748885425152853,0.274048781254016,0.0122630061874689,0.021981408979023,"(-4.99135, -2.91374)","(-2.04293, -1.09162)","(-1.09127, -0.0540303)","(0.065676, 1.09486)","(-0.0459284, -0.000595083)","(-0.126777, -0.045566)",0.4570024535000021,0.494307546499998,yes,HC,d__Bacteria; p__Proteobacteria; c__Gammaproteobacteria; o__Burkholderiales_597441; f__Neisseriaceae_563222; g__Neisseria_563205; s__Neisseria cinerea, s__Neisseria cinerea
TACGTAGGTCCCGAGCGTTGTCCGGATTTATTGGGCGTAAAGCGAGCGCAGGCGGTTCTTTAAGTCTGAAGTTAAAGGCAGTGGCTTAACCATTGTACGCTTTGGAAACTGGAGGACTTGAGTGCAGAAGGGGAGAGTGGAATTCCATGT,-10.7296323485,-5.71484519345,3.299288001729994,1.5310178656700006,0.265783931395,-0.2039196108099996,3.899933006632857,2.4041323116484925,2.0839626893476617,2.1850410778025045,0.1431252282993272,0.2212657069225407,"(-17.6177, -2.74079)","(-10.3564, -1.32315)","(-0.755329, 7.18618)","(-2.57152, 5.68149)","(-0.00842314, 0.526861)","(-0.625823, 0.218673)",4.64155480655,4.39169519345,yes,HC,d__Bacteria; p__Firmicutes_D; c__Bacilli; o__Lactobacillales; f__Streptococcaceae; g__Streptococcus; s__Streptococcus agalactiae, s__Streptococcus agalactiae
TACGTATGGTGCAAGCGTTATCCGGATTTACTGGGTGTAAAGGGAGCGCAGGCGGTGCGGCAAGTCTGATGTGAAAGCCCGGGGCTCAACCCCGGTACTGCATTGGAAACTGTCGTACTAGAGTGTCGGAGGGGTAAGCGGAATTCCCCG,-13.30999911300002,-5.406803605700005,1.0735256220000016,-3.421507962645002,0.1553556564174999,-0.2380967093425,3.265288867517191,2.871285567419079,1.3101237503191496,3.368413148563637,0.0726956104724591,0.1796668396474215,"(-19.6764, -7.00152)","(-11.3887, -1.0554)","(-1.08973, 3.714)","(-10.0139, 2.33414)","(0.0355545, 0.291371)","(-0.578454, 0.0594704)",5.981896394299995,4.351403605700005,yes,HC,d__Bacteria; p__Firmicutes_A; c__Clostridia_258483; o__Lachnospirales; f__Lachnospiraceae; g__Agathobacter_164117; s__Agathobacter rectalis, s__Agathobacter rectalis
TACGTATGGTGCAAGCGTTATCCGGATTTACTGGGTGTAAAGGGTGCGTAGGTGGCAAGGCAAGTCTGAAGTGAAAATCCGGGGCTCAACCCCGGAACTGCTTTGGAAACTGTTTAGCTAGAGTACAGGAGAGGTAAGTGGAATTCCTAG,-6.615249272049998,-2.9507774141000005,2.824279699084001,2.005679007089997,-0.054212650277,-0.0281253831474699,2.5976619276017416,0.9867881751993176,1.4693178839601486,1.086201838644853,0.0594008734316967,0.0966417043038857,"(-11.195, -1.53883)","(-4.81023, -1.14801)","(0.132115, 5.50387)","(-0.191878, 4.05152)","(-0.16235, 0.058543)","(-0.213617, 0.151143)",1.8594525858999993,1.8027674141000005,yes,HC,d__Bacteria; p__Firmicutes_A; c__Clostridia_258483; o__Lachnospirales; f__Lachnospiraceae; g__Coprococcus_A_121497; s__Coprococcus_A_121497 eutactus, s__Coprococcus_A_121497 eutactus
TACGTAGGTCCCGAGCGTTGTCCGGATTTATTGGGCGTAAAGGGAGCGCAGGCGGTCAGGAAAGTCTGGAGTAAAAGGCTATGGCTCAACCATAGTGTGCTCTGGAAACTGTCTGACTTGAGTGCAGAAGGGGAGAGTGGAATTCCATGT,-9.22494889499998,-6.152573882649994,-1.5039027298550018,-4.686651049199995,0.00546658256075,-0.0750371769839999,3.1870099746377702,3.000493399014069,1.907845563943656,3.343390138888983,0.1405491868698404,0.1929993291715824,"(-15.2247, -3.54641)","(-11.867, -0.748752)","(-4.92878, 2.45857)","(-11.1171, 1.2453)","(-0.246703, 0.264183)","(-0.435391, 0.269366)",5.714426117350007,5.403821882649995,yes,HC,d__Bacteria; p__Firmicutes_D; c__Bacilli; o__Lactobacillales; f__Streptococcaceae; g__Streptococcus; s__Streptococcus mutans, s__Streptococcus mutans
TACGTAGGGCGCGAGCGTTGTCCGGAATTATTGGGCGTAAAGAGCTTGTAGGCGGTTTGTCGCGTCTGCTGTGAAAGGCCGGGGCTTAACCCCGTGTATTGCAGTGGGTACGGGCAGACTAGAGTGCAGTAGGGGAGACTGGAACTCCTG,-6.338688069000005,-1.5951088492650036,-1.5506657894499998,-0.907952806315,-0.0304459638469499,-0.0579360158081501,1.8248081395783131,0.6123345399446549,0.7212518684079027,0.728981455404365,0.0342363608578334,0.0633027808243527,"(-9.60043, -2.84478)","(-2.66851, -0.422585)","(-2.80923, -0.16701)","(-2.2965, 0.470974)","(-0.0948069, 0.0333237)","(-0.17798, 0.0588264)",1.0734011507349963,1.1725238492650036,yes,HC,d__Bacteria; p__Actinobacteriota; c__Actinomycetia; o__Actinomycetales; f__Micrococcaceae; g__Rothia; s__Rothia sp001808955, s__Rothia sp001808955
TACGGAAGGTCCAGGCGTTATCCGGATTTATTGGGTTTAAAGGGAGCGTAGGCTGGAGATTAAGTGTGTTGTGAAATGTAGACGCTCAACGTCTGAATTGCAGCGCATACTGGTTTCCTTGAGTACGCACAACGTTGGCGGAATTCGTCG,-3.830315261999997,-1.469767313500001,-0.546615138672501,1.5631962229999985,-0.00705618386573,-0.1337613930999998,0.859810463857085,0.3349039680160857,0.3544593537097047,0.3446892794281558,0.0157162670693216,0.0305007742115135,"(-5.39437, -2.21035)","(-2.09349, -0.844822)","(-1.23105, 0.101627)","(0.942678, 2.21079)","(-0.035952, 0.024065)","(-0.186025, -0.0725336)",0.6237226864999992,0.6249453135000009,yes,HC,d__Bacteria; p__Bacteroidota; c__Bacteroidia; o__Bacteroidales; f__Bacteroidaceae; g__Prevotella; s__Prevotella melaninogenica, s__Prevotella melaninogenica
TACGTAGGTGGCAAGCGTTGTCCGGATTTACTGGGTGTAAAGGGCGTGCAGCCGGGTGCGCAAGTCAGATGTGAAATCTCAGGGCTCAACCCTGAAACTGCATTTGAAACTGTGCATCTTGAGTGCCGGAGAGGTAATCGGAATTCCTTG,-8.520119514999998,-0.7548946644825009,0.1645955146904999,-0.3437401502480001,-0.0153426771841,0.0310414739364299,0.9176808643449068,0.3770252642349005,0.4190748094358232,0.4661335137624417,0.022560925429204,0.0322691946332108,"(-10.2741, -6.82637)","(-1.47173, -0.0842496)","(-0.633782, 0.926962)","(-1.20241, 0.587126)","(-0.0581144, 0.0267895)","(-0.0283381, 0.0913333)",0.7168353355174991,0.6706450644825008,yes,HC,d__Bacteria; p__Firmicutes_A; c__Clostridia_258483; o__Oscillospirales; f__Oscillospiraceae_88309; g__Dysosmobacter; s__, g__Dysosmobacter
TACGTAGGTGGCAAGCGTTGTCCGGATTTATTGGGCGTAAAGGGAGCGCAGGCGGTGACTTAAGTCTGATGTGAAAGCCCACGGCTCAACCGTGGAGGGTCATTGGAAACTGGGTCACTTGAGTACAGAAGAGGAAAGCGGAATTCCATG,-5.975347862525024,-5.477190003950006,2.7306135534143468,-1.3197540978400015,0.1422419589775,-0.2877608303745002,4.339707838683395,2.225420807638672,2.4940843486588697,2.4041588460732903,0.1613684227652879,0.2424433964442748,"(-14.5081, 2.1629)","(-9.29833, -1.10434)","(-1.62589, 7.50949)","(-5.5222, 3.37261)","(-0.1538, 0.455967)","(-0.745282, 0.177032)",3.821139996049994,4.372850003950006,yes,HC,d__Bacteria; p__Firmicutes_D; c__Bacilli; o__Lactobacillales; f__Aerococcaceae; g__Facklamia_A_322655; s__Facklamia_A_322655 languida, s__Facklamia_A_322655 languida
