Feature,Intercept_mean,N05B_Anxiolytics[T.True]_mean,Gender[T.Male]_mean,cobre[T.Yes]_mean,Age_mean,InBody_BMI_mean,Intercept_std,N05B_Anxiolytics[T.True]_std,Gender[T.Male]_std,cobre[T.Yes]_std,Age_std,InBody_BMI_std,Intercept_hdi,N05B_Anxiolytics[T.True]_hdi,Gender[T.Male]_hdi,cobre[T.Yes]_hdi,Age_hdi,InBody_BMI_hdi,lower,upper,significant,direction,full_taxonomy,taxonomy
TACGTATGGAGCAAGCGTTATCCGGATTTACTGGGTGTAAAGGGAGCGTAGGCGGTCCTGCAAGTCTGATGTGAAAGGCCGGGGCTCAACCCCGGGACTGCATTGGAAACTGTAGGACTAGAGTGTCGGAGGGGTAAGTGGAATTCCTAG,-8.989968740000013,0.9912353820580024,1.1274160578000003,-0.0056208851446,-0.0182350412979,0.0438327713012501,0.8702118419143196,0.4422308849031954,0.3794682684137915,0.3965010028625452,0.0151002359671424,0.0281228405900245,"(-10.5987, -7.33485)","(0.167464, 1.81172)","(0.450255, 1.86763)","(-0.722372, 0.733875)","(-0.0476802, 0.00898111)","(-0.00937553, 0.0962123)",0.8237713820580024,0.8204846179419976,yes,Anxiolytics,d__Bacteria; p__Firmicutes_A; c__Clostridia_258483; o__Lachnospirales; f__Lachnospiraceae; g__Eubacterium_I; s__Eubacterium_I ramulus, s__Eubacterium_I ramulus
TACGTAGGGGGCAAGCGTTATCCGGATTTACTGGGTGTAAAGGGAGCGTAGACGGTGAAGCAAGTCTGGAGTGAAAACCCGGGGCTTAACCCCGGGATTGCTTTGGAAACTGTTTAACTGGAGTGCAGGAGAGGTAAGCGGAATTCCTAG,-6.278977203600006,4.759030591299998,-5.232304051069998,-2.454524903400008,-0.0887888258181498,-0.1114764518853501,3.742566712234533,2.510039115126093,3.616842399642546,2.527251230621029,0.1301150899406731,0.1385182177348354,"(-12.9445, 1.06267)","(0.152875, 9.35564)","(-12.5398, 1.24633)","(-7.051, 2.41907)","(-0.335337, 0.147236)","(-0.382398, 0.125494)",4.6061555912999985,4.596609408700001,yes,Anxiolytics,d__Bacteria; p__Firmicutes_A; c__Clostridia_258483; o__Lachnospirales; f__Lachnospiraceae; g__CAG-95; s__, g__CAG-95
TACGTAGGGGGCAAGCGTTATCCGGATTTACTGGGTGTAAAGGGAGCGTAGACGGTAAAGCAAGTCTGAAGTGAAAGCCCGCGGCTCAACTGCGGGACTGCTTTGGAAACTGTTTAACTGGAGTGTCGGAGAGGTAAGTGGAATTCCTAG,-8.199188840000016,0.8644917708050012,-0.4275254550834995,0.0693656851497499,0.0242020590455335,-0.0228093971864,0.7451801396505774,0.3770912014358091,0.2992885364948421,0.3219182773621002,0.0134149413788814,0.0276235882116525,"(-9.51105, -6.74988)","(0.138924, 1.54589)","(-0.995603, 0.106623)","(-0.544696, 0.663949)","(-0.00130325, 0.0496542)","(-0.072604, 0.0286386)",0.7255677708050012,0.6813982291949988,yes,Anxiolytics,d__Bacteria; p__Firmicutes_A; c__Clostridia_258483; o__Lachnospirales; f__Lachnospiraceae; g__Clostridium_Q_134516; s__Clostridium_Q_134516 symbiosum, s__Clostridium_Q_134516 symbiosum
TACGTAGGTGGCAAGCGTTATCCGGATTTACTGGGTGTAAAGGGCGTGTAGGCGGGACTGCAAGTCAGATGTGAAATCTATGGGCTCAACCCATAGCCTGCATTTGAAACTGCAGAGCTTGAGTGAAGTAGAGGCAGGCGGAATTCCCCG,-8.66821911449999,6.155348410399991,-1.157753955719503,6.037264707595995,-0.0596512708060499,-0.6200199483284996,4.505603839492815,3.0656840206629945,4.036843963505396,3.5803389758682216,0.4568848319782367,0.6574610332386238,"(-16.6136, -0.452285)","(0.503405, 12.0613)","(-8.56145, 6.49533)","(0.216263, 13.245)","(-0.523007, 0.326733)","(-1.38161, 0.00976659)",5.6519434103999915,5.905951589600008,yes,Anxiolytics,d__Bacteria; p__Firmicutes_A; c__Clostridia_258483; o__Oscillospirales; f__Oscillospiraceae_88309; g__Intestinimonas; s__Intestinimonas butyriciproducens, s__Intestinimonas butyriciproducens
TACGTAGGTGGCGAGCGTTATCCGGAATTATTGGGCGTAAAGAGGGAGCAGGCGGCGGCAGAGGTCTGTGGTGAAAGACTGAAGCTTAACTTCAGTAAGCCATAGAAACCGGGCTGCTAGAGTGCAGGAGAGGATCGTGGAATTCCATGT,-7.216629095000004,0.8895019334500023,0.3687873670549997,0.1260447233282001,-0.010834567072905,-0.0516264547039999,0.8765116414113002,0.4180082848623817,0.3336068574545222,0.3667719219974708,0.0153110117705411,0.0296799082608494,"(-8.77327, -5.48529)","(0.145538, 1.67179)","(-0.27259, 0.993745)","(-0.549179, 0.807868)","(-0.0383346, 0.0186747)","(-0.104655, 0.00581867)",0.7439639334500023,0.7822880665499978,yes,Anxiolytics,d__Bacteria; p__Firmicutes_D; c__Bacilli; o__Erysipelotrichales; f__Coprobacillaceae; g__Erysipelatoclostridium; s__Clostridium spiroforme, s__Clostridium spiroforme
AACGTAGGGTGCAAGCGTTATCCGGATTTACTGGGTGTAAAGGGAGCGTAGACGGCACGGCAAGCCAGATGTGAAAGCCCGGGGCTCAACCCCGGGACTGCATTTGGAACTGCTGAGCTAGAGTGTCGGAGAGGCAAGTGGAATTCCTAG,-5.639051678499997,6.517733651399992,-2.0759025772880046,-1.7130876442849985,-0.2800178933619998,-0.32066545570405,4.390925675147054,3.714304552809919,4.11485074662077,4.122296825925042,0.5592612145695461,0.6041787545672596,"(-14.1987, 2.12509)","(0.186715, 14.1652)","(-9.73844, 5.71468)","(-9.3218, 5.69235)","(-0.854182, 0.15795)","(-1.07089, 0.236117)",6.331018651399992,7.647466348600008,yes,Anxiolytics,d__Bacteria; p__Firmicutes_A; c__Clostridia_258483; o__Lachnospirales; f__Lachnospiraceae; g__Dorea_A; s__Dorea_A longicatena, s__Dorea_A longicatena
TACGTAGGGGGCGAGCGTTGTCCGGAATCACTGGGCGTAAAGGGTTCGCAGGCGGATAAGCAAGTCAAAAGTAAAAGGCATAGGCTCAACCTATGTAAGCAGTTGAAACTGTTTATCTTGAGATGTGGAGAAGTAAGTGGAATTACTAGT,-9.019965622700012,6.258417190149992,3.9125888401159936,-5.188607967669999,-0.2176384456539999,0.076721929247,3.829804353238768,2.409218470718606,1.8316793141736416,3.328188306256621,0.1040288629351267,0.1503316804236522,"(-16.6077, -2.1694)","(1.91937, 10.9946)","(0.375391, 7.31682)","(-12.1402, 0.474127)","(-0.421334, -0.0194134)","(-0.20694, 0.363009)",4.3390471901499925,4.736182809850008,yes,Anxiolytics,d__Bacteria; p__Firmicutes_A; c__Clostridia_258483; o__Tissierellales; f__Peptoniphilaceae; g__Peptoniphilus_E; s__Peptoniphilus_E catoniae, s__Peptoniphilus_E catoniae
TACGTAGGTCCCGAGCGTTGTCCGGATTTATTGGGCGTAAAGCGAGCGCAGGCGGTTTGATAAGTCTGAAGTTAAAGGCTGTGGCTCAACCATAGTTCGCTTTGGAAACTGTCAAACTTGAGTGCAGAAGGGGAGAGTGGAATTCCATGT,-9.321084040000006,1.615639507500002,0.5462678466200006,-0.7975434248350011,-0.0214408360524999,0.0992008280000002,0.6393270154528731,0.3242829916507709,0.2574974119149619,0.2791230212622907,0.0107275581274961,0.0201578151122128,"(-10.5201, -8.07698)","(1.007, 2.20043)","(0.0541363, 1.01378)","(-1.3207, -0.269049)","(-0.0404574, -0.000184135)","(0.0615716, 0.136219)",0.6086395075000022,0.5847904924999978,yes,Anxiolytics,d__Bacteria; p__Firmicutes_D; c__Bacilli; o__Lactobacillales; f__Streptococcaceae; g__Streptococcus; s__Streptococcus salivarius_346999, s__Streptococcus salivarius_346999
TACGTAAGGCCCGAGCGTTGTCCGGAATCATTGGGCGTAAAGGGTACGTAGGCGGGTCATTAAGTTAGAAGTCAAAGGCTATAGCTCAACTATAGTAAGCTTCTAAAACTGGAGACCTTGAGTAATGGAAGGGAAAGTGGAATTCCTAGT,-4.458400302929997,7.595228123201505,-2.120199196150002,-2.1878514201350003,-0.3664765817319999,-0.2488092973145,4.346789233779092,3.860792763765568,3.7800672089221785,4.210788714909921,0.5657723702797068,0.8427857339197843,"(-12.8054, 2.90384)","(1.73771, 15.4801)","(-10.1146, 4.11024)","(-10.773, 4.65242)","(-1.02615, 0.260414)","(-1.11848, 0.442311)",5.857518123201505,7.8848718767984955,yes,Anxiolytics,d__Bacteria; p__Firmicutes_A; c__Clostridia_258483; o__Tissierellales; f__Peptoniphilaceae; g__Anaerococcus; s__Anaerococcus octavius, s__Anaerococcus octavius
TACGTAGGTCCCGAGCGTTGTCCGGATTTATTGGGCGTAAAGCGAGCGCAGGCGGTTTGATAAGTCTGAAGTTAAAGGCTGTGGCTCAACCACAGTTCGCTTTGGAAACTGTCAAACTTGAGTGCAGAAGGGGAGAGTGGAATTCCATGT,-9.990322420699997,6.046841933125,-3.338030991249988,-2.990723625718505,-0.3506712012100001,-0.0053461228586499,3.8755950151285385,2.857390727883575,3.710477538131934,3.607028359975057,0.2342291884304122,0.1939645086984238,"(-17.5052, -2.72445)","(1.19196, 11.4823)","(-11.2582, 2.65557)","(-9.87401, 3.43687)","(-0.802921, -0.00940778)","(-0.35195, 0.339041)",4.854881933125,5.435458066875,yes,Anxiolytics,d__Bacteria; p__Firmicutes_D; c__Bacilli; o__Lactobacillales; f__Streptococcaceae; g__Streptococcus; s__, g__Streptococcus
TACGTAGGGGGCAAGCGTTATCCGGATTTACTGGGTGTAAAGGGAGCGTAGACGGAGCAGCAAGTCTGATGTGAAAACCCGGGGCTCAACCCCGGGACTGCATTGGAAACTGTTGATCTGGAGTGCCGGAGAGGTAAGCGGAATTCCTGG,-10.351014122450009,6.287339799554995,0.7170879499549996,-2.43492243295,-0.1214404975780999,-0.1560154723609998,4.349979018158866,3.316205317387643,2.620239067618148,3.9780200816457896,0.2946104676305469,0.5206139203147216,"(-18.5354, -2.34381)","(0.897707, 12.9236)","(-4.51749, 5.65892)","(-10.1273, 4.60266)","(-0.519163, 0.30482)","(-0.993154, 0.319954)",5.389632799554995,6.6362602004450055,yes,Anxiolytics,d__Bacteria; p__Firmicutes_A; c__Clostridia_258483; o__Lachnospirales; f__Lachnospiraceae; g__; s__, f__Lachnospiraceae
TACGTAGGGGGCGAGCGTTGTCCGGAATCACTGGGCGTAAAGGGTTCGCAGGCGGTCTACCAAGTCCGATGTGAAAGGCATGGGCTCAACCCATGTAAGCATTGGAAACTGGTAGACTTGAGTTAAGGAGAGGTAAGTGGAATTCCTAGT,-7.461465983534992,3.1365132841100016,-3.1583290784999973,0.1032041764008999,0.0108095351561,-0.0965137869638249,3.481148993049746,1.429466216792692,1.3876378396512734,1.500588770238814,0.0566344218123832,0.0808842492341193,"(-13.7702, -0.713291)","(0.573306, 5.96254)","(-5.99395, -0.754181)","(-2.65583, 2.65442)","(-0.0932747, 0.117777)","(-0.255405, 0.0457171)",2.5632072841100015,2.826026715889998,yes,Anxiolytics,d__Bacteria; p__Firmicutes_A; c__Clostridia_258483; o__Tissierellales; f__Peptoniphilaceae; g__Urinicoccus; s__Urinicoccus sp001299455, s__Urinicoccus sp001299455
TACGTAGGGCGCGAGCGTTGTCCGGAATTATTGGGCGTAAAGAGCTTGTAGGCGGTTTGTCGCGTCTGCTGTGAAAGGCCGGGGCTTAACCCCGTGTATTGCAGTGGGTACGGGCAGACTAGAGTGCAGTAGGGGAGACTGGAATTCCTG,-13.721659009999998,2.293238535000002,-1.456681573894997,-0.6791004033215001,0.002825648047926,0.1155839973799998,1.4322976353337389,0.5937999569131744,0.5255781954753589,0.5752784631525142,0.0221608545920768,0.0426226552348631,"(-16.5629, -11.1657)","(1.25661, 3.41288)","(-2.37568, -0.364002)","(-1.75031, 0.334103)","(-0.0396232, 0.042733)","(0.0426304, 0.202364)",1.0366285350000022,1.1196414649999977,yes,Anxiolytics,d__Bacteria; p__Actinobacteriota; c__Actinomycetia; o__Actinomycetales; f__Micrococcaceae; g__Rothia; s__Rothia sp001808955, s__Rothia sp001808955
TACGTAGGGGGCAAGCGTTATCCGGATTTACTGGGTGTAAAGGGAGCGTAGACGGCAGCGCAAGTCTGGAGTGAAATGCCGGGGCCCAACCCCGGAACTGCTTTGGAAACTGTGCAGCTCGAGTGCAGGAGAGGTAAGCGGAATTCCTAG,-9.84883675720001,8.21641411195001,0.0488605325099999,-2.234255939699003,0.02940452239315,-0.341299713721502,4.515317038102701,3.5053443722424498,2.940983599174765,4.276991021488259,0.4195848867340075,0.5439955342047361,"(-17.8447, -0.83933)","(1.8465, 14.9203)","(-5.39641, 5.75214)","(-11.2706, 5.06813)","(-0.601138, 0.661313)","(-1.23428, 0.430156)",6.369914111950011,6.703885888049989,yes,Anxiolytics,d__Bacteria; p__Firmicutes_A; c__Clostridia_258483; o__Lachnospirales; f__Lachnospiraceae; g__COE1; s__, g__COE1
AACGTAGGGGGCAAGCGTTATCCGGATTTACTGGGTGTAAAGGGAGCGTAGGCGGTCCTGCAAGTCTGATGTGAAAACCCGGGGCTCAACCCCGGGACTGCATTGGAAACTGTAGGACTAGAGTGTCGGAGGGGTAAGTGGAATTCCTAG,-8.772185029570009,6.182672191214994,-1.8066353718049968,5.194435054529998,-0.5431757286989994,-0.08027148160869,4.610592861279241,3.24672029079766,4.009375024223772,3.439874910057914,0.6300873131925637,0.6537316167984829,"(-17.7314, -0.654931)","(0.245442, 12.7358)","(-9.52416, 5.58074)","(-1.28187, 11.8136)","(-1.21467, 0.158427)","(-0.842602, 0.553432)",5.9372301912149945,6.553127808785005,yes,Anxiolytics,d__Bacteria; p__Firmicutes_A; c__Clostridia_258483; o__Lachnospirales; f__Lachnospiraceae; g__Eubacterium_I; s__, g__Eubacterium_I
AACGTAGGTGGCAAGCGTTGTCCGGAATTACTGGGTGTAAAGGGAGCGCAGGCGGGAGAGCAAGTTGGGAGTGAAATCTGTGGGCTCAACCCACAAATTGCTTTCAAAACTGTTTTTCTTGAGTGGTGTAGAGGTAGGCGGAATTCCCGG,-7.918951207499999,2.080299011550001,-0.5201355963464993,0.5501747704995008,-0.003974832770265,-0.080653131822,1.7382698740329443,0.8448291015874824,0.8317983450215093,0.7893804488356067,0.03154313061062,0.0563249760844923,"(-11.3201, -4.77043)","(0.601862, 3.62307)","(-1.98013, 1.15686)","(-0.808609, 2.10332)","(-0.0635473, 0.0538827)","(-0.184263, 0.0298641)",1.478437011550001,1.5427709884499987,yes,Anxiolytics,d__Bacteria; p__Firmicutes_A; c__Clostridia_258483; o__Oscillospirales; f__Ruminococcaceae; g__Ruthenibacterium; s__, g__Ruthenibacterium
TACGTAGGGGGCAAGCGTTATCCGGATTTACTGGGTGTAAAGGGAGCGTAGACGGCGGAGCAAGTCTGATGTGAAAACCCGGGGCTTAACCCCGGGAGTGCATTGGAAACTGTTTTGCTAGAGTGCCGGAGAGGTAAGCGGAATTCCTAG,-8.66821911449999,6.155348410399991,-1.157753955719503,6.037264707595995,-0.0596512708060499,-0.6200199483284996,4.505603839492815,3.0656840206629945,4.036843963505396,3.5803389758682216,0.4568848319782367,0.6574610332386238,"(-16.6136, -0.452285)","(0.503405, 12.0613)","(-8.56145, 6.49533)","(0.216263, 13.245)","(-0.523007, 0.326733)","(-1.38161, 0.00976659)",5.6519434103999915,5.905951589600008,yes,Anxiolytics,d__Bacteria; p__Firmicutes_A; c__Clostridia_258483; o__Lachnospirales; f__Lachnospiraceae; g__Blautia_A_141780; s__Blautia_A_141780 ornithocaccae, s__Blautia_A_141780 ornithocaccae
TACGTAGGGCGCGAGCGTTGTCCGGATTTACTGGGTGTAAAGGGTGCGTAGGCGGGATGGCAAGTCAGATGTGAAATACCGGGGCTTAACCCCGGGGCTGCATTTGAAACTGTCGTTCTTGAGTGAAGTAGAGGCAGGCGGAATTCCTAG,-5.639051678499997,6.517733651399992,-2.0759025772880046,-1.7130876442849985,-0.2800178933619998,-0.32066545570405,4.390925675147054,3.714304552809919,4.11485074662077,4.122296825925042,0.5592612145695461,0.6041787545672596,"(-14.1987, 2.12509)","(0.186715, 14.1652)","(-9.73844, 5.71468)","(-9.3218, 5.69235)","(-0.854182, 0.15795)","(-1.07089, 0.236117)",6.331018651399992,7.647466348600008,yes,Anxiolytics,d__Bacteria; p__Firmicutes_A; c__Clostridia_258483; o__Oscillospirales; f__Acutalibacteraceae; g__UBA5905; s__, g__UBA5905
TACGTAGGTGACAAGCGTTGTCCGGATTTACTGGGTGTAAAGGGCGCGTAGGCGGGCTGTCAAGTCAGTCGTGAAATACCGGGGCTTAACCCCGGGGCTGCGATTGAAACTGACAGTCTTGAGTATCGGAGAGGAAAGCGGAATTCCTAG,-5.243638686593494,7.696347759935,-2.207266619224503,-2.057324255302502,0.0831140789324999,-0.8153876081499989,4.358587655217348,3.243641976718609,3.9901007955644863,4.021296915934865,0.1224597938597122,0.3031913928859009,"(-13.6698, 2.64904)","(2.09693, 13.9074)","(-9.67472, 5.17538)","(-9.84237, 4.9384)","(-0.12785, 0.33004)","(-1.4053, -0.274143)",5.599417759934999,6.211052240065001,yes,Anxiolytics,d__Bacteria; p__Firmicutes_A; c__Clostridia_258483; o__UBA1381; f__UBA1381; g__CAG-41; s__CAG-41 sp001941225, s__CAG-41 sp001941225
TACGTAGGGTGCGAGCGTTAATCGGAATTACTGGGCGTAAAGCGAGCGCAGACGGTTTATTAAGCAAGATGTGAAATCCCCGAGCTTAACTTGGGAACTGCGTTTTGAACTGGTAAGCTAGAGTATGTCAGAGGGGGGTAGAATTCCACG,-6.64788123680001,4.851119098810009,0.2148012581649996,1.8443283684739984,-0.3654422082749995,0.0670279150803498,3.847785657487249,2.6642314681874915,2.5907114741406163,2.152031068082259,0.2101831620715588,0.2708081468080757,"(-14.4149, 0.100622)","(0.0788227, 9.99102)","(-4.48186, 5.25205)","(-2.12499, 6.2488)","(-0.747014, -0.0430051)","(-0.330363, 0.560715)",4.772296398810009,5.139900901189992,yes,Anxiolytics,d__Bacteria; p__Proteobacteria; c__Gammaproteobacteria; o__Burkholderiales_597441; f__Neisseriaceae_563222; g__Kingella_B_563201; s__Kingella_B_563201 oralis, s__Kingella_B_563201 oralis
TACGTATGGAGCAAGCGTTATCCGGATTTACTGGGTGTAAAGGGAGTGTAGGCGGCACTATAAGTCTGATGTGAAAACCTAAGGCTTAACCATAGGATTGCATTGGAAACTGTAGAGCTGGAGTATCGGAGAGGCAAGCGGAATTCCTGG,-10.748209448949998,5.063573180549994,-1.275188449730004,0.8303248805089992,-0.0966376607844997,0.09915599481805,4.241927507594208,1.9676214693806835,2.0245276578408187,2.2900910913877124,0.1199983834732865,0.1557185723022332,"(-18.6025, -3.09961)","(1.46728, 8.84311)","(-5.08137, 2.49922)","(-3.55909, 4.96223)","(-0.319518, 0.103577)","(-0.169676, 0.394305)",3.5962931805499947,3.779536819450005,yes,Anxiolytics,d__Bacteria; p__Firmicutes_A; c__Clostridia_258483; o__Lachnospirales; f__Lachnospiraceae; g__UBA629; s__UBA629 sp005465875, s__UBA629 sp005465875
TACGTAGGTGGCGAGCGTTATCCGGAATCATTGGGCGTAAAGAGGGAGCAGGCGGCAATGGAGGTCTGCGGTGAAAGCCTGAAGCTAAACTTCAGTAAGCCGTGGAAACCAAATAGCTAGAGTGCAGTAGAGGATCGTGGAATTCCATGT,-5.639051678499997,6.517733651399992,-2.0759025772880046,-1.7130876442849985,-0.2800178933619998,-0.32066545570405,4.390925675147054,3.714304552809919,4.11485074662077,4.122296825925042,0.5592612145695461,0.6041787545672596,"(-14.1987, 2.12509)","(0.186715, 14.1652)","(-9.73844, 5.71468)","(-9.3218, 5.69235)","(-0.854182, 0.15795)","(-1.07089, 0.236117)",6.331018651399992,7.647466348600008,yes,Anxiolytics,d__Bacteria; p__Firmicutes_D; c__Bacilli; o__Erysipelotrichales; f__Coprobacillaceae; g__Coprobacillus; s__Coprobacillus cateniformis, s__Coprobacillus cateniformis
TACGGAGGATACGAGCGTTATCCGGATTTATTGGGTTTAAAGGGTGCGCAGGTGGTCTTGCAAGTCAGTGGTGAAAAGCTGAGGCTCAACCTCAGCCTTGCCGTTGAAACTGTAAGACTTGAGAGTACATGATGTGGGCGGAATGCGTGG,-8.021985719999996,2.8197163405500025,0.4332963164595,-4.919332098325009,-0.0642512148144999,-0.1335702565539999,2.193767702092038,1.250020494472602,0.9488768479886064,3.1040213856042778,0.0517968955294819,0.0845392365628186,"(-12.167, -3.88475)","(0.476863, 5.18683)","(-1.24904, 2.33384)","(-10.9941, 0.205193)","(-0.16495, 0.0285662)","(-0.28844, 0.0218514)",2.3428533405500027,2.367113659449997,yes,Anxiolytics,d__Bacteria; p__Bacteroidota; c__Bacteroidia; o__Bacteroidales; f__Porphyromonadaceae; g__Porphyromonas_A_859426; s__Porphyromonas_A_859426 bennonis, s__Porphyromonas_A_859426 bennonis
TACGTAGGGTGCGAGCGTTGTCCGGAATTACTGGGCGTAAAGAGCTCGTAGGCGGTTTGTCGCGTCGTCTGTGAAATCCTAGGGCTTAACCCTGGACGTGCAGGCGATACGGGCAGGCTTGAGTGCTACAGGGGAGACTGGAATTTCTGG,-16.952117659999985,2.329933044435006,-5.732787884370005,-2.5950641511949977,-0.02292392812615,0.1783380572964993,2.7382505710869154,1.350181626182577,2.885706491513053,1.8814441809354012,0.0589554077868382,0.1097352093553057,"(-22.2121, -12.2855)","(0.0864461, 4.87752)","(-11.1678, -0.734325)","(-6.13044, 0.935086)","(-0.133977, 0.0846988)","(-0.0168808, 0.384731)",2.243486944435006,2.5475869555649937,yes,Anxiolytics,d__Bacteria; p__Actinobacteriota; c__Actinomycetia; o__Mycobacteriales; f__Mycobacteriaceae; g__Lawsonella; s__, g__Lawsonella
AACGTAGGTGGCAAGCGTTGTCCGGATTTACTGGGTGTAAAGGGCGTGCAGCCGGGTCTGCAAGTCAGATGTGAAATCCATGGGCTCAACCCATGAACTGCTTTCAAAACTGTTTTTCTTGAGTAGTGCAGAGGTAGGCGGAATTCCCGG,-8.66821911449999,6.155348410399991,-1.157753955719503,6.037264707595995,-0.0596512708060499,-0.6200199483284996,4.505603839492815,3.0656840206629945,4.036843963505396,3.5803389758682216,0.4568848319782367,0.6574610332386238,"(-16.6136, -0.452285)","(0.503405, 12.0613)","(-8.56145, 6.49533)","(0.216263, 13.245)","(-0.523007, 0.326733)","(-1.38161, 0.00976659)",5.6519434103999915,5.905951589600008,yes,Anxiolytics,d__Bacteria; p__Firmicutes_A; c__Clostridia_258483; o__Oscillospirales; f__Ruminococcaceae; g__Faecalibacterium; s__, g__Faecalibacterium
TACGTAGGTGGCAAGCGTTGTCCGGAATTATTGGGCGTAAAGCGCGCGCAGGCGGTCCTTTAAGTCTGATGTGAAAGCCCACGGCTCAACCGTGGAGGGTCATTGGAAACTGGAGGACTTGAGTGCAGAAGAGAAGAGTGGAATTCCACG,-5.123820025494991,5.395527982049989,-1.932682406545004,-2.4065603232180006,-0.1392017796719999,-0.06529848983635,3.362353852954469,2.053760488399172,2.035004248661901,2.154191010389555,0.0872304106546338,0.1168878141930872,"(-10.9591, 1.5449)","(1.86529, 9.53021)","(-5.50586, 2.12231)","(-6.01055, 1.9014)","(-0.314385, 0.00407974)","(-0.26841, 0.155649)",3.5302379820499894,4.134682017950011,yes,Anxiolytics,d__Bacteria; p__Firmicutes_D; c__Bacilli; o__Bacillales_B_302584; f__DSM-1321_300422; g__Pradoshia; s__Pradoshia sp001183965, s__Pradoshia sp001183965
CCGTAGGGTGCAAGCGTTGTCCGGAATTACTGGGTGTAAAGGGAGCGCAGGCGGGAAGACAAGTTGGAAGTGAAAACCATGGGCTCAACCCATGAATTGCTTTCAAAACTGTTTTTCTTGAGTAGTGCAGAGGTAGATGGAATTCCCGGT,-4.839092568596655,7.238971467700002,-2.070236208894998,-2.1293168888950023,-0.317341001452,-0.3339557879675002,4.240660465673577,3.829007936955167,3.991415645382576,3.98367178236982,0.5000789750968141,0.6427775992225591,"(-12.6091, 3.00455)","(1.39358, 15.4398)","(-9.56537, 5.40901)","(-10.0817, 4.53113)","(-0.915309, 0.157895)","(-1.05038, 0.170354)",5.845391467700002,8.200828532299997,yes,Anxiolytics,d__Bacteria; p__Firmicutes_A; c__Clostridia_258483; o__Oscillospirales; f__Ruminococcaceae; g__Gemmiger_A_73129; s__Gemmiger_A_73129 qucibialis, s__Gemmiger_A_73129 qucibialis
TACGTAGGGGGCAAGCGTTATCCGGATTTACTGGGTGTAAAGGGAGCGTAGACGGCGAAGCAAGTCTGAAGTGAAAACCCAGGGCTCAACCCTGGGACTGCTTTGGAAACTGTTTTGCTAGAGTGTCGGAGAGGTAAGTGGAATTCCTAG,-7.642854700000002,1.283144670999999,-0.3758493041504997,0.2952542113040001,0.04298121479,-0.0200924115475549,0.5862364463375763,0.2830656238296659,0.2460405379618945,0.2654382026904355,0.0105174346738575,0.0199688859382638,"(-8.69203, -6.43957)","(0.772879, 1.82692)","(-0.84667, 0.0622435)","(-0.174766, 0.820028)","(0.0245662, 0.0633991)","(-0.0581541, 0.0155255)",0.510265670999999,0.5437753290000011,yes,Anxiolytics,d__Bacteria; p__Firmicutes_A; c__Clostridia_258483; o__Lachnospirales; f__Lachnospiraceae; g__Enterocloster; s__Enterocloster bolteae, s__Enterocloster bolteae
TACAGAGGGTGCAAGCGTTAATCGGAATTACTGGGCGTAAAGCGCGCGTAGGTGGTTTGTTAAGTTGAATGTGAAATCCCCGGGCTCAACCTGGGAACTGCATCCAAAACTGGCAAGCTAGAGTATGGTAGAGGGTAGTGGAATTTCCTG,-2.1325513289555005,2.8894566983000027,-1.1775240458449994,-0.9280784113179992,-0.0223342417614999,-0.2146975260386,2.822277985831831,1.40035081101094,1.4577667245349626,1.5329018602069062,0.0745805933353319,0.1286086506398622,"(-7.6029, 2.89679)","(0.422293, 5.69964)","(-3.70883, 1.65153)","(-3.75423, 2.02753)","(-0.170273, 0.108617)","(-0.45026, 0.0233336)",2.467163698300003,2.810183301699997,yes,Anxiolytics,d__Bacteria; p__Proteobacteria; c__Gammaproteobacteria; o__Pseudomonadales_650611; f__Pseudomonadaceae; g__Pseudomonas_E_647464; s__Pseudomonas_E_647464 lundensis, s__Pseudomonas_E_647464 lundensis
TACGGAAGGTCCGGGCGTTATCCGGATTTATTGGGTTTAAAGGGAGCGTAGGCCGTGGGTTAAGTGTGTTGTGAAATCCGGTTGCTCAACATCCGGTTTGCAGCGCATACTGTCTCACTTGAGCGCGCACAACGCAGGCGGAATTCGTCG,-4.458400302929997,7.595228123201505,-2.120199196150002,-2.1878514201350003,-0.3664765817319999,-0.2488092973145,4.346789233779092,3.860792763765568,3.7800672089221785,4.210788714909921,0.5657723702797068,0.8427857339197843,"(-12.8054, 2.90384)","(1.73771, 15.4801)","(-10.1146, 4.11024)","(-10.773, 4.65242)","(-1.02615, 0.260414)","(-1.11848, 0.442311)",5.857518123201505,7.8848718767984955,yes,Anxiolytics,d__Bacteria; p__Bacteroidota; c__Bacteroidia; o__Bacteroidales; f__Bacteroidaceae; g__Prevotella; s__Prevotella bergensis, s__Prevotella bergensis
TACGTAGGTGGCAAGCGTTGTCCGGAATTATTGGGCGTAAAGCGCGCGCAGGCGGATTGGTCAGTCTGTCTTAAAAGTTCGGGGCTTAACCCCGTGATGGGATGGAAACTGCCAATCTAGAGTATCGGAGAGGAAAGTGGAATTCCTAGT,-6.68295724500001,0.8006999068499998,-0.2836492805068498,-1.171288698350002,-0.037137123475,0.02086110965715,0.5430102446512954,0.2803134945378597,0.23086049913539,0.238685928716616,0.0092094219635434,0.017867973470208,"(-7.68358, -5.69045)","(0.291021, 1.31421)","(-0.708795, 0.177054)","(-1.57891, -0.708329)","(-0.053267, -0.0184724)","(-0.0120012, 0.0547068)",0.5096789068499998,0.5135100931500003,yes,Anxiolytics,d__Bacteria; p__Firmicutes_C; c__Negativicutes; o__Veillonellales; f__Veillonellaceae; g__Veillonella_A; s__Veillonella_A dispar, s__Veillonella_A dispar
TACGTAGGGGGCAAGCGTTATCCGGATTTACTGGGTGTAAAGGGAGCGTAGACGGCATGGCAAGTCTGAAGTGAAAGCCCGGGGCTCAACCCTGGGACTGCATTTGGAACTGCCAGGCTGGAGTGCAGGAGAGGTAAGCGGAATTCCTAG,-5.639051678499997,6.517733651399992,-2.0759025772880046,-1.7130876442849985,-0.2800178933619998,-0.32066545570405,4.390925675147054,3.714304552809919,4.11485074662077,4.122296825925042,0.5592612145695461,0.6041787545672596,"(-14.1987, 2.12509)","(0.186715, 14.1652)","(-9.73844, 5.71468)","(-9.3218, 5.69235)","(-0.854182, 0.15795)","(-1.07089, 0.236117)",6.331018651399992,7.647466348600008,yes,Anxiolytics,d__Bacteria; p__Firmicutes_A; c__Clostridia_258483; o__Lachnospirales; f__Lachnospiraceae; g__Eisenbergiella; s__Eisenbergiella tayi, s__Eisenbergiella tayi
TACGTAGGGGGCAAGCGTTATCCAGATTTACTGGGTGTAAAGGGAGCGTAGACGGAAGAGCAAGTCTGATGTGAAAGGCTGGGGCTTAACCCCAGGACTGCATTGGAAACTGTTTTTCTAGAGTGCCGGAGAGGTAAGCGGAATTCCTAG,-4.458400302929997,7.595228123201505,-2.120199196150002,-2.1878514201350003,-0.3664765817319999,-0.2488092973145,4.346789233779092,3.860792763765568,3.7800672089221785,4.210788714909921,0.5657723702797068,0.8427857339197843,"(-12.8054, 2.90384)","(1.73771, 15.4801)","(-10.1146, 4.11024)","(-10.773, 4.65242)","(-1.02615, 0.260414)","(-1.11848, 0.442311)",5.857518123201505,7.8848718767984955,yes,Anxiolytics,d__Bacteria; p__Firmicutes_A; c__Clostridia_258483; o__Lachnospirales; f__Lachnospiraceae; g__Blautia_A_141780; s__, g__Blautia_A_141780
TACGTAGGGGGCAAGCGTTATCCGGATTTACTGGGTGTAAAGGGAGCGTAGACGGCCAGGCAAGTCTGATGTGAAAGGCAGGGGCTCAACCCCTGGACTGCATTGGAAACTGTCAGGCTGGAGTGCCGGAGAGGTAAGCGGAATTCCTAG,-15.955091734150027,4.353341685120003,1.1399651333799985,-2.9348879442149984,0.0986568768495003,-0.14293973422955,4.211724547441015,2.403807721977908,2.4321341851769787,3.707875530360758,0.1251105541238788,0.1836745720572059,"(-23.7568, -8.1654)","(0.350633, 9.37939)","(-3.4065, 5.90763)","(-9.67023, 4.33654)","(-0.109611, 0.361268)","(-0.525555, 0.156152)",4.002708685120003,5.026048314879998,yes,Anxiolytics,d__Bacteria; p__Firmicutes_A; c__Clostridia_258483; o__Lachnospirales; f__Lachnospiraceae; g__Murimonas; s__Murimonas intestini, s__Murimonas intestini
TACGTAGGTGGCAAGCGTTGTCCGGATTTACTGGGTGTAAAGGGCGTGTAGCCGGGTCGGTAAGTCAGATGTGAAATCTGGAGGCTCAACCTCCAAACTGCATTTGAAACTGCTGATCTTGAGTATCGGAGAGGTAATCGGAATTCCTAG,-5.639051678499997,6.517733651399992,-2.0759025772880046,-1.7130876442849985,-0.2800178933619998,-0.32066545570405,4.390925675147054,3.714304552809919,4.11485074662077,4.122296825925042,0.5592612145695461,0.6041787545672596,"(-14.1987, 2.12509)","(0.186715, 14.1652)","(-9.73844, 5.71468)","(-9.3218, 5.69235)","(-0.854182, 0.15795)","(-1.07089, 0.236117)",6.331018651399992,7.647466348600008,yes,Anxiolytics,d__Bacteria; p__Firmicutes_A; c__Clostridia_258483; o__Oscillospirales; f__Oscillospiraceae_88309; g__; s__, f__Oscillospiraceae_88309
TACGTAGGGGGCAAGCGTTATCCGGATTTACTGGGTGTAAAGGGAGCGTAGACGGCGATGCAAGTCTAAAGTGAAATACCCGGGCTCAACCTGGGAACTGCTTTGGAAACTGTATGGCTAGAGTGCTGGAGAGGTAAGCGGAATTCCTAG,-8.772185029570009,6.182672191214994,-1.8066353718049968,5.194435054529998,-0.5431757286989994,-0.08027148160869,4.610592861279241,3.24672029079766,4.009375024223772,3.439874910057914,0.6300873131925637,0.6537316167984829,"(-17.7314, -0.654931)","(0.245442, 12.7358)","(-9.52416, 5.58074)","(-1.28187, 11.8136)","(-1.21467, 0.158427)","(-0.842602, 0.553432)",5.9372301912149945,6.553127808785005,yes,Anxiolytics,d__Bacteria; p__Firmicutes_A; c__Clostridia_258483; o__Lachnospirales; f__Lachnospiraceae; g__Copromonas; s__Copromonas sp900066535, s__Copromonas sp900066535
TACGTAGGTGGCAAGCGTTGTCCGGAATTATTGGGCGTAAAGCGCGCGCAGGCGGATCAGTTAGTCTGTCTTAAAAGTTCGGGGCTTAACCCCGTGATGGGATGGAAACTGCTGATCTAGAGTATCGGAGAGGAAAGTGGAATTCCTAGT,-7.146120559999986,2.628029030999998,0.687439526122,-1.50769015212,-0.0736659673769999,-0.0343529608359499,1.5964824273281517,0.9396959835628232,0.7954405557178413,0.8977223734904566,0.0271089697943185,0.0540444442537171,"(-10.0563, -4.17808)","(0.838955, 4.30089)","(-0.796918, 2.13461)","(-3.14474, 0.228736)","(-0.120938, -0.0190663)","(-0.134774, 0.0658593)",1.789074030999998,1.672860969000002,yes,Anxiolytics,d__Bacteria; p__Firmicutes_C; c__Negativicutes; o__Veillonellales; f__Veillonellaceae; g__Veillonella_A; s__Veillonella_A atypica, s__Veillonella_A atypica
TACGTAGGGAGCGAGCGTTGTCCGGATTTACTGGGTGTAAAGGGTGCGTAGGCGGCTATGCAAGTCAGGCGTGAAAGCCATGGGCTTAACCCATGAACTGCGCTTGAAACTGTGTAGCTTGAGTGAAGTAGAGGCAGGCGGAATTCCCGG,-13.532597182499998,4.290931250499996,2.535161543415502,-0.3274082032109998,-0.2164953131999998,0.2252963892848999,3.592407315595087,1.8633986233120607,1.836050652611172,1.8770568549625608,0.096216196368184,0.1237553303830085,"(-20.168, -6.74483)","(0.842126, 7.77008)","(-0.893794, 5.88286)","(-4.04115, 3.15669)","(-0.403665, -0.0409442)","(-0.00162399, 0.477098)",3.4488052504999964,3.4791487495000037,yes,Anxiolytics,d__Bacteria; p__Firmicutes_A; c__Clostridia_258483; o__Oscillospirales; f__Acutalibacteraceae; g__; s__, f__Acutalibacteraceae
TACAGAGGGTGCAAGCGTTAATCGGAATTACTGGGCGTAAAGCGCGCGTAGGTGGTTTGTTAAGTTGGATGTGAAATCCCCGGGCTCAACCTGGGAACTGCATTCAAAACTGACTGACTAGAGTATGGTAGAGGGTGGTGGAATTTCCTG,-9.389937016549997,6.682021496849998,-2.928048847749998,3.099631802790004,0.0403423071973501,-0.15221550792685,4.052774345238986,1.9146468815026227,2.2144618808113297,1.7430562758366903,0.0771203192996138,0.1450165515831501,"(-16.5982, -1.33888)","(2.98715, 9.97612)","(-7.11323, 1.19286)","(-0.0503444, 6.39386)","(-0.0980464, 0.187145)","(-0.412833, 0.133053)",3.694871496849998,3.2940985031500016,yes,Anxiolytics,d__Bacteria; p__Proteobacteria; c__Gammaproteobacteria; o__Pseudomonadales_650611; f__Pseudomonadaceae; g__Pseudomonas_E_647464; s__Pseudomonas_E_647464 libanensis, s__Pseudomonas_E_647464 libanensis
TACGTAGGTGGCAAGCGTTGTCCGGATTTATTGGGCGTAAAGCGAGTGCAGGCGGTTCAATAAGTCTGATGTGAAAGCCTTCGGCTCAACCGGAGAATTGCATCAGAAACTGTTGAACTTGAGTGCAGAAGAGGAGAGTGGAACTCCATG,-10.765301986999978,3.3664080688249984,-2.243501908699998,-1.851524442460004,-0.04602342063225,0.1314300399134998,2.3532663901307824,1.2852810135046129,1.0253229900130638,1.1349982711339897,0.043228996883107,0.0865922767887485,"(-14.8446, -6.1932)","(0.949577, 5.68717)","(-4.12538, -0.176876)","(-4.15787, 0.205163)","(-0.12038, 0.0397785)","(-0.0310366, 0.288063)",2.4168310688249983,2.3207619311750016,yes,Anxiolytics,d__Bacteria; p__Firmicutes_D; c__Bacilli; o__Lactobacillales; f__Lactobacillaceae; g__Lactobacillus; s__Lactobacillus johnsonii, s__Lactobacillus johnsonii
TACGTATGGAGCAAGCGTTATCCGGATTTACTGGGTGTAAAGGGAGCGTAGACGGAGGAGCAAGTCTGGTGTGAAAGGCGGGGGCTTAACCCCTGGACTGCATTGGAAACTGTTTTTCTAGAGTGCCGGAGAGGTAAGCGGAATTCCTAG,-4.839092568596655,7.238971467700002,-2.070236208894998,-2.1293168888950023,-0.317341001452,-0.3339557879675002,4.240660465673577,3.829007936955167,3.991415645382576,3.98367178236982,0.5000789750968141,0.6427775992225591,"(-12.6091, 3.00455)","(1.39358, 15.4398)","(-9.56537, 5.40901)","(-10.0817, 4.53113)","(-0.915309, 0.157895)","(-1.05038, 0.170354)",5.845391467700002,8.200828532299997,yes,Anxiolytics,d__Bacteria; p__Firmicutes_A; c__Clostridia_258483; o__Lachnospirales; f__Lachnospiraceae; g__Blautia_A_141780; s__, g__Blautia_A_141780
TACGTAGGGGGCAAGCGTTATCCGGATTTACTGGGTGTAAAGGGAGCGTAGACGGCTGTGCAAGTCTGGAGTGAAAGCCCGGGGCTCAACCCCGGGACTGCTTTGGAAACTGTACGGCTGGAGTGCTGGAGAGGCAAGCGGAATTCCTAG,-8.374933374999996,1.6945915716350024,-1.0218766655530005,-0.6942025845924996,0.0740663264225,-0.169042920939,1.381868286776767,0.6753625237833945,0.6637889125454554,0.6725458052916605,0.0268004958741655,0.0475595793798832,"(-10.9916, -5.77302)","(0.567058, 3.00071)","(-2.27865, 0.253086)","(-1.90813, 0.548604)","(0.0263999, 0.125774)","(-0.253434, -0.0772234)",1.1275335716350026,1.3061184283649978,yes,Anxiolytics,d__Bacteria; p__Firmicutes_A; c__Clostridia_258483; o__Lachnospirales; f__Lachnospiraceae; g__Ventrisoma; s__Ventrisoma faecale, s__Ventrisoma faecale
TACGTAGGGAGCAAGCGTTGTCCGGATTTACTGGGTGTAAAGGGCGTGTAGGCGGGATTGCAAGTCAGATGTGAAATTCCGGGGCTCAACCCCGGAACTGCATTTGAAACTGTAGTTCTTGAGTACTGGAGAGGCAGGCGGAATTCCTAG,-6.258212111614992,4.802807350700009,-0.2669194574255001,-2.159626493063,-0.0743879543915,-0.1389985839514997,3.791981265408832,2.120412397932665,1.9517852131812672,2.186572057620215,0.0784774956704955,0.1313529718798842,"(-13.7061, 0.601238)","(0.696088, 8.5132)","(-3.90685, 3.19154)","(-6.24549, 2.12264)","(-0.22816, 0.0634208)","(-0.384972, 0.106037)",4.1067193507000095,3.7103926492999904,yes,Anxiolytics,d__Bacteria; p__Firmicutes_A; c__Clostridia_258483; o__Oscillospirales; f__Oscillospiraceae_88309; g__; s__, f__Oscillospiraceae_88309
TACGTAGGTGGCGAGCGTTGTCCGGAATTACTGGGTGTAAAGGGAGCGTAGGCGGGAGTGCAAGTTGAATGTGAAATCTATCGGCTCAACCGGTAGCTGCGTTCAAAACTGCATTTCTTGAGTGAAGTAGAGGCAGGCGGAATTCCTAGT,-8.474334808382485,7.613135019929999,3.8477444243049943,-1.81366325316,-0.0575901181857298,-0.4273841154549994,4.115338067998984,3.828751331232037,3.099898391802486,4.180627645482832,0.6043751089698972,0.8210203979626775,"(-16.0153, -0.831201)","(0.739177, 15.3408)","(-1.93988, 9.57909)","(-9.72447, 5.88385)","(-0.685472, 1.10443)","(-1.74182, 0.491567)",6.873958019929999,7.727664980070001,yes,Anxiolytics,d__Bacteria; p__Firmicutes_A; c__Clostridia_258483; o__Oscillospirales; f__Ruminococcaceae; g__; s__, f__Ruminococcaceae
TACGGAGGATACGAGCGTTATCCGGATTTATTGGGTTTAAAGGGTGCGCAGGTGGTCCTGCAAGTCAGTGGTGAAAAGCTGAGGCTCAACCTCAGCCTTGCCGTTGAAACTGCAAGACTTGAGAGTACATGATGTGGGCGGAATGCGTAG,-7.449910790000004,1.2674199273400022,-0.3102448543115002,1.3801172528150023,0.0122082335094999,0.0026225622398,1.3898197695394814,0.6804612278923031,0.5642563947611581,0.6507554924384025,0.027997270724674,0.0483115139259449,"(-9.93542, -4.78173)","(0.00820384, 2.5746)","(-1.35171, 0.737017)","(0.200866, 2.60796)","(-0.0403499, 0.0643197)","(-0.0881213, 0.0949718)",1.2592160873400022,1.307180072659998,yes,Anxiolytics,d__Bacteria; p__Bacteroidota; c__Bacteroidia; o__Bacteroidales; f__Porphyromonadaceae; g__Porphyromonas_A_859426; s__, g__Porphyromonas_A_859426
TACGGAGGGTGCAAGCGTTATCCGGAATTATTGGGCGTAAAGGGCTCGTAGGCGGTTCGTCGCGTCCGGTGTGAAAGTCCATCGCTTAACGGTGGATCCGCGCCGGGTACGGGCGGGCTTGAGTGCGGTAGGGGAGACTGGAATTCCCGG,-7.5998011653999855,4.700593661040009,-3.4331259703900026,-3.458754671469998,-0.3134109946750004,0.0075499317371749,4.208988898966193,2.279009959891204,3.6300777274932265,3.875212796808862,0.1959818823681838,0.2195007323264143,"(-14.5945, 0.969646)","(0.570776, 8.85986)","(-10.4484, 2.95105)","(-11.3975, 2.93872)","(-0.703105, 0.00351335)","(-0.369656, 0.380664)",4.1298176610400095,4.15926633895999,yes,Anxiolytics,d__Bacteria; p__Actinobacteriota; c__Actinomycetia; o__Actinomycetales; f__Bifidobacteriaceae; g__Bifidobacterium_388775; s__, g__Bifidobacterium_388775
TACGTAGGGGGCAAGCGTTATCCGGATTTACTGGGTGTAAAGGGAGCGTAGACGGTTAAGCAAGTCTGAAGTGAAAGCCCGGGGCTCAACCCCGGTACTGCTTTGGAAACTGTTTGACTTGAGTGCAGGAGAGGTAAGTGGAATTCCTAG,-8.44910502999999,1.423979703205,-0.7140221156174995,-0.1070202771615001,0.059808936485,-0.07187338114845,1.2794815857538544,0.613999177960873,0.5155514977473741,0.4806850226001325,0.0194422234221565,0.0443596432608239,"(-10.8835, -6.19616)","(0.366936, 2.74293)","(-1.70779, 0.230327)","(-1.04302, 0.727316)","(0.0252769, 0.0956929)","(-0.150737, 0.0115709)",1.057043703205,1.318950296795,yes,Anxiolytics,d__Bacteria; p__Firmicutes_A; c__Clostridia_258483; o__Lachnospirales; f__Lachnospiraceae; g__Hungatella_A_128155; s__Hungatella_A_128155 effluvii, s__Hungatella_A_128155 effluvii
TACGTAGGTGGCGAGCGTTATCCGGAATCATTGGGCGTAAAGAGGGAGCAGGCGGCAATAGAGGTCTGCGGTGAAAGCCTGAAGCTAAACTTCAGTAAGCCGTGGAAACCAAATAGCTAGAGTGCAGTAGAGGATCGTGGAATTCCGTGT,-5.639051678499997,6.517733651399992,-2.0759025772880046,-1.7130876442849985,-0.2800178933619998,-0.32066545570405,4.390925675147054,3.714304552809919,4.11485074662077,4.122296825925042,0.5592612145695461,0.6041787545672596,"(-14.1987, 2.12509)","(0.186715, 14.1652)","(-9.73844, 5.71468)","(-9.3218, 5.69235)","(-0.854182, 0.15795)","(-1.07089, 0.236117)",6.331018651399992,7.647466348600008,yes,Anxiolytics,d__Bacteria; p__Firmicutes_D; c__Bacilli; o__Erysipelotrichales; f__Coprobacillaceae; g__Coprobacillus; s__Coprobacillus cateniformis, s__Coprobacillus cateniformis
TACGTAGGGCGCAAGCGTTGTCCGGAATTATTGGGCGTAAAGAGCTCGTAGGCGGTTTGTCGCGTCTGCTGTGAAAGCCCGGGGCTTAACCCCGGGTGTGCAGTGGGTACGGGCAGACTAGAGTGCAGTAGGGGAGACTGGAATTCCTGG,-9.686976251050003,5.522789367585016,-2.18819471327,-3.381498220729997,-0.3092782537915,0.1645005794454997,3.7727460163100015,2.878715527608517,3.2900274829200518,3.8796385212889937,0.2035270279515834,0.2270836951179561,"(-16.3496, -1.96561)","(0.380547, 11.2219)","(-8.23773, 4.51232)","(-11.3422, 3.23255)","(-0.736906, 0.0166033)","(-0.222404, 0.558067)",5.142242367585016,5.699110632414984,yes,Anxiolytics,d__Bacteria; p__Actinobacteriota; c__Actinomycetia; o__Actinomycetales; f__Micrococcaceae; g__Kocuria; s__Kocuria gwangalliensis, s__Kocuria gwangalliensis
TACGTAGGTGGCAAGCGTTGTCCGGATTTATTGGGCGTAAAGCGAGCGCAGGCGGAAGAATAAGTCTGATGTGAAAGCCCTCGGCTTAACCGAGGAACTGCATCGGAAACTGTTTTTCTTGAGTGCAGAAGAGGAGAGTGGAACTCCATG,-6.617396975000006,2.4058141313850028,-4.304818010000005,-0.051263247935,0.0694831067646499,-0.0971450437394999,1.5252790656487432,1.055227375599228,1.0469102703354476,0.8714779326841127,0.0470352542338406,0.0618622628187114,"(-9.50215, -3.82457)","(0.526601, 4.39981)","(-6.29541, -2.37577)","(-1.71559, 1.50637)","(-0.0186972, 0.157805)","(-0.208492, 0.020454)",1.879213131385003,1.9939958686149977,yes,Anxiolytics,d__Bacteria; p__Firmicutes_D; c__Bacilli; o__Lactobacillales; f__Lactobacillaceae; g__Lactobacillus; s__Lactobacillus crispatus, s__Lactobacillus crispatus
TACGTAGGGGGCAAGCGTTATCCGGATTTACTGGGTGTAAAGGGAGCGTAGACGGCATGGCAAGTCTGAAGTGAAAACCCAGGGCTCAACCCTGGGACTGCTTTGGAAACTGCCAAGCTAGAGTGCAGGAGAGGTAAGTGGAATTCCTAG,-8.289415538469992,5.717667860015003,-3.1499044729050074,3.462103145824193,-0.2200320310904996,-0.0971878584653999,3.94165535719556,2.612440743105595,3.6794486823908894,2.3892296386197924,0.1738156093659623,0.2075468497135021,"(-15.2655, -0.590777)","(1.36132, 11.2204)","(-9.82572, 4.54571)","(-0.97603, 7.7573)","(-0.541716, 0.0697246)","(-0.451974, 0.316562)",4.356347860015003,5.502732139984997,yes,Anxiolytics,d__Bacteria; p__Firmicutes_A; c__Clostridia_258483; o__Lachnospirales; f__Lachnospiraceae; g__Enterocloster; s__Enterocloster lavalensis, s__Enterocloster lavalensis
TACGTAGGGAGCGAGCGTTGTCCGGATTTACTGGGTGTAAAGGGTGCGTAGGCGGCGAGGCAAGTCAGGCGTGAAATCTATGGGCTTAACCCATAAACTGCGCTTGAAACTGTCTTGCTTGAGTGAAGTAGAGGTAGGCGGAATTCCCGG,-8.67533430500002,0.6299824835349992,0.3007074926974001,1.144570263,-0.0126808239729249,0.03673131446257,0.804521541638891,0.3598486815315487,0.3156148529058017,0.3277870599285196,0.0120459355497491,0.0273574324741534,"(-10.2202, -7.19461)","(0.0342096, 1.39993)","(-0.321079, 0.871748)","(0.545073, 1.74842)","(-0.0346358, 0.0104952)","(-0.0134407, 0.0890215)",0.5957728835349992,0.7699475164650007,yes,Anxiolytics,d__Bacteria; p__Firmicutes_A; c__Clostridia_258483; o__Oscillospirales; f__Acutalibacteraceae; g__Clostridium_A; s__Clostridium_A leptum, s__Clostridium_A leptum
TACGTAGGTGGCAAGCGTTGTCCGGATTTACTGGGTGTAAAGGGCGTGCAGCCGGGTCTGCAAGTCAGATGTGAAATCCATGGGCTCAACCCATAAACTGCTTTCAAAACTGTTTTTCTTGAGTAGTGCAGAGGTAGGCGGAATTCCCGG,-8.66821911449999,6.155348410399991,-1.157753955719503,6.037264707595995,-0.0596512708060499,-0.6200199483284996,4.505603839492815,3.0656840206629945,4.036843963505396,3.5803389758682216,0.4568848319782367,0.6574610332386238,"(-16.6136, -0.452285)","(0.503405, 12.0613)","(-8.56145, 6.49533)","(0.216263, 13.245)","(-0.523007, 0.326733)","(-1.38161, 0.00976659)",5.6519434103999915,5.905951589600008,yes,Anxiolytics,d__Bacteria; p__Firmicutes_A; c__Clostridia_258483; o__Oscillospirales; f__Ruminococcaceae; g__; s__, f__Ruminococcaceae
AACGTAGGTGGCAAGCGTTGTCCGGAATTACTGGGTGTAAAGGGAGCGCAGGCGGGTCTGCAAGTTGGAAGTGAAACCCATGGGCTCAACCCATGAACTGCTTTCAAAACTGTGGATCTTGAGTGGTGTAGAGGTAGGCGGAATTCCCGG,-12.662137964500026,4.5700157715000085,2.118608519385001,1.935429972146499,-0.0068401148972999,-0.0927935089255,3.9365649951894968,2.018665881950338,2.250481713916611,2.0518681182648617,0.1339655873335685,0.1990789524531366,"(-19.7502, -5.14337)","(1.30421, 8.6939)","(-1.84326, 6.66824)","(-1.84579, 5.68447)","(-0.243548, 0.260103)","(-0.492109, 0.277958)",3.265805771500008,4.123884228499991,yes,Anxiolytics,d__Bacteria; p__Firmicutes_A; c__Clostridia_258483; o__Oscillospirales; f__Ruminococcaceae; g__Fournierella; s__Fournierella massiliensis, s__Fournierella massiliensis
TACGTAGGGGGCAAGCGTTATCCGGATTTACTGGGTGTAAAGGGAGCGTAGACGGCATGGCAAGCCAGATGTGAAAGCCCGGGGCTCAACCCCGGGACTGCATTTGGAACTGTCAGGCTAGAGTGTCGGAGAGGAAAGCGGAATTCCTAG,-7.624229879999992,1.155888978649999,0.2387653969234997,-0.0439960144544999,0.0107431067682,0.0189570052717299,0.8298454546907433,0.3706041015254147,0.3240780887085228,0.3551848408128409,0.0125060254434595,0.0255556480105934,"(-9.23628, -6.10732)","(0.464723, 1.83958)","(-0.347098, 0.848817)","(-0.709605, 0.64911)","(-0.0114647, 0.0351351)","(-0.0280706, 0.0658482)",0.6911659786499991,0.6836910213500009,yes,Anxiolytics,d__Bacteria; p__Firmicutes_A; c__Clostridia_258483; o__Lachnospirales; f__Lachnospiraceae; g__Ruminococcus_B; s__Mediterraneibacter gnavus, s__Mediterraneibacter gnavus
TACGTAGGGAGCAAGCGTTGTCCGGATTTACTGGGTGTAAAGGGTGCGTAGGCGGATCTGCAAGTCAGTAGTGAAATCCCAGGGCTTAACCCTGGAACTGCTATTGAAACTGTGGGTCTTGAGTGAGGTAGAGGCAGGCGGAATTCCCGG,-9.154523450000012,2.396789951860001,0.1066803600624998,0.7464331863599988,0.0267216942541999,-0.0709108136681501,1.624322522599745,0.8132457385120767,0.6947474645001479,0.7625189856623216,0.0271819388662713,0.0544199802784088,"(-12.2572, -6.191)","(0.894774, 3.92175)","(-1.10813, 1.48032)","(-0.622389, 2.18215)","(-0.0216704, 0.0774845)","(-0.168492, 0.0376219)",1.5020159518600011,1.5249600481399987,yes,Anxiolytics,d__Bacteria; p__Firmicutes_A; c__Clostridia_258483; o__Oscillospirales; f__Acutalibacteraceae; g__Anaeromassilibacillus; s__Anaeromassilibacillus sp001305115, s__Anaeromassilibacillus sp001305115
TACGTAGGTGGCAAGCGTTGTCCGGATTTATTGGGCGTAAAGCGAGCGCAGGCGGATTGATAAGTCTGATGTGAAAGCCTTCGGCTCAACCGAAGAACTGCATCAGAAACTGTCAATCTTGAGTGCAGAAGAGGAGAGTGGAACTCCATG,-9.96159747549999,3.8411886188900017,-3.363926481600004,2.339479540905,-0.0351297526327499,0.09236809148965,2.291572614652704,1.531815824087533,1.3653826604673691,1.2569814625337572,0.0563243361234362,0.0966877125829216,"(-14.3811, -5.69534)","(1.02407, 6.70381)","(-5.84209, -0.815725)","(0.0505025, 4.78357)","(-0.146418, 0.0589124)","(-0.0910561, 0.27302)",2.8171186188900017,2.862621381109998,yes,Anxiolytics,d__Bacteria; p__Firmicutes_D; c__Bacilli; o__Lactobacillales; f__Lactobacillaceae; g__Lactobacillus; s__Lactobacillus jensenii_330180, s__Lactobacillus jensenii_330180
TACGTAGGTGGCGAGCGTTATCCGGATTTACTGGGTGTAAAGGGAGCGTAGGCGGCGGAGCAAGTCAGAAGTGAAAGCCCGGGGCTCAACCCCGGGACGGCTTTTGAAACTGCCCTGCTTGATTTCAGGAGAGGTAAGCGGAATTCCTAG,-5.639051678499997,6.517733651399992,-2.0759025772880046,-1.7130876442849985,-0.2800178933619998,-0.32066545570405,4.390925675147054,3.714304552809919,4.11485074662077,4.122296825925042,0.5592612145695461,0.6041787545672596,"(-14.1987, 2.12509)","(0.186715, 14.1652)","(-9.73844, 5.71468)","(-9.3218, 5.69235)","(-0.854182, 0.15795)","(-1.07089, 0.236117)",6.331018651399992,7.647466348600008,yes,Anxiolytics,d__Bacteria; p__Firmicutes_A; c__Clostridia_258483; o__Lachnospirales; f__Lachnospiraceae; g__Coprococcus_A_187866; s__Coprococcus_A_187866 catus, s__Coprococcus_A_187866 catus
TACGTAGGGTGCGAGCGTTGTCCGGATTTATTGGGCGTAAAGAGCTCGTAGGTGGTTGATTGCGTCGGAAGTGAAAACTTGGGGCTTAACCCTGAGCGTGCTTTCGATACGGGTTGACTTGAGGAAGGTAGGGGAGAATGGAATTCCTGG,-9.114426112085008,3.579028032610003,0.1214370453799999,-4.248229458780005,-0.0513319599904999,-0.1230974524105001,3.1065825419284794,1.778115655809673,1.500595840847892,3.218228985581158,0.0772100801720555,0.1293204356961065,"(-14.7039, -3.12402)","(0.666642, 7.11724)","(-2.99035, 2.72397)","(-10.7463, 0.86098)","(-0.202838, 0.093868)","(-0.363871, 0.103115)",2.912386032610003,3.538211967389997,yes,Anxiolytics,d__Bacteria; p__Actinobacteriota; c__Actinomycetia; o__Propionibacteriales; f__Propionibacteriaceae; g__Cutibacterium; s__Cutibacterium avidum, s__Cutibacterium avidum
TACGTAGGGGGCGAACGTTATCCGGAATGATTGGGCGTAAAGGGTACGTAGGCGGCTTTTTAAGTCAGGTGTGAAAGGCATGGGCTCAACCCATGTAAGCACTTGAAACTGGGAAGCTTGAGGGAAGGAGAGGAAAGTGGAATTCCTAGT,-9.264718563300004,5.1251036326250015,-2.4721458489175494,1.6907910747965016,-0.2941015233965,0.2575859997151002,4.467795107305085,2.7601178275093003,2.7708623756287385,2.220134536972192,0.1358609822955414,0.1983546076298176,"(-17.5991, -1.09933)","(0.132969, 10.5973)","(-7.46353, 2.6151)","(-2.36926, 6.02064)","(-0.549371, -0.0349412)","(-0.10437, 0.630629)",4.992134632625001,5.472196367374999,yes,Anxiolytics,d__Bacteria; p__Firmicutes_A; c__Clostridia_258483; o__Tissierellales; f__Peptoniphilaceae; g__W5053; s__, g__W5053
TACGTAGGGGGCAAGCGTTATCCGGATTTACTGGGTGTAAAGGGAGCGTAGACGGAAGAGCAAGTCTGATGTGAAAGGCTGGGGCTTAACCCCAGGACTGCATTGGAAACTGTTTTTCTTGAGTGCCGGAGAGGTAAGCGGAATTCCTAG,-10.99231266499998,1.8308686644850003,1.052310018301951,0.3850974727945003,0.03233396338815,0.0021975299685,2.057539956564862,0.9423955707290088,0.8070800271412318,0.8673842011636597,0.0391642635293885,0.0562059553343291,"(-14.5339, -6.43588)","(0.0619366, 3.59753)","(-0.414352, 2.61378)","(-1.2146, 2.05758)","(-0.0385565, 0.11209)","(-0.104083, 0.104654)",1.7689320644850004,1.7666613355149996,yes,Anxiolytics,d__Bacteria; p__Firmicutes_A; c__Clostridia_258483; o__Lachnospirales; f__Lachnospiraceae; g__Blautia_A_141780; s__Blautia_A_141780 stercoris, s__Blautia_A_141780 stercoris
TACGGAGGATACGAGCGTTATCCGGAATTATTGGGTTTAAAGGGTGCGTAGGTGGCGTATTAAGTCAGTGGTGAAAAGCTGCAGCTCAACTGTAGTCTTGCCGTTGAAACTGATATGCTAGAGAGGAGACGAGGTATGCGGAATGTGTGG,-9.7770459901,4.634348252900009,-3.8676410583500016,-4.031848882907503,-0.41475402939,0.2391580383550004,3.845798454092489,2.0673999035619275,3.7143108103550087,3.4946417509422925,0.2239830365553994,0.2050731599748882,"(-17.4759, -2.63489)","(1.15967, 8.60207)","(-10.9599, 2.86114)","(-10.8156, 2.31565)","(-0.800721, -0.0589291)","(-0.0633912, 0.584302)",3.4746782529000084,3.967721747099991,yes,Anxiolytics,d__Bacteria; p__Bacteroidota; c__Bacteroidia; o__Bacteroidales; f__Porphyromonadaceae; g__Porphyromonas_A_859424; s__Porphyromonas_A_859424 endodontalis, s__Porphyromonas_A_859424 endodontalis
TACGTAGGGGGCAAGCGTTATCCGGATTTACTGGGTGTAAAGGGAGCGTAGACGGCAAGGCAAGTCTGAAGTGAAAGCCCGGTGCTTAACGCCGGGACTGCTTTGGAAACTGTCTGGCTCGAGTGCCGGAGAGGTAAGCGGAATTCCTAG,-8.66821911449999,6.155348410399991,-1.157753955719503,6.037264707595995,-0.0596512708060499,-0.6200199483284996,4.505603839492815,3.0656840206629945,4.036843963505396,3.5803389758682216,0.4568848319782367,0.6574610332386238,"(-16.6136, -0.452285)","(0.503405, 12.0613)","(-8.56145, 6.49533)","(0.216263, 13.245)","(-0.523007, 0.326733)","(-1.38161, 0.00976659)",5.6519434103999915,5.905951589600008,yes,Anxiolytics,d__Bacteria; p__Firmicutes_A; c__Clostridia_258483; o__Lachnospirales; f__Lachnospiraceae; g__Eisenbergiella; s__, g__Eisenbergiella
TACGTAGGTGGCAAGCGTTGTCCGGAATTATTGGGCGTAAAGCGCGCGCAGGCGGTCACTTAAGTCCATCTTAGAAGTGCGGGGCTTAACCCCGTGAGGGGATGGAAACTGGGAGACTGGAGTATCGGAGAGGAAAGTGGAATTCCTAGT,-12.355911750999992,5.132517603500012,-3.479704999022506,-3.478008399010003,-0.4390261760800003,0.3301025345010002,4.4274954752812175,2.7799912751505644,3.6308105347166815,3.647249138240707,0.2041801389594095,0.2037345218851517,"(-20.9962, -4.58357)","(0.31914, 10.5873)","(-10.7303, 2.9993)","(-10.1972, 2.97537)","(-0.812508, -0.0904834)","(-0.0623037, 0.695719)",4.813377603500012,5.454782396499989,yes,Anxiolytics,d__Bacteria; p__Firmicutes_C; c__Negativicutes; o__Veillonellales; f__Dialisteraceae; g__Dialister; s__Dialister micraerophilus, s__Dialister micraerophilus
TACGTAGGGAGCAAGCGTTATCCGGATTTACTGGGTGTAAAGGGCGCGCAGGCGGGCCGGCAAGTTGGGAGTGAAATCCGGGGGCTTAACCCCCGAACTGCTTTCAAAACTGCTGGTCTTGAGTGATGGAGAGGCAGGCGGAATTCCGTG,-13.64348193499998,3.0241512456999984,1.0443907547315006,0.5627277109810017,0.0442211271577,-0.0135881325269999,2.495233111049286,1.14191206347036,1.0405858815285531,1.1150385970322028,0.0440086332653686,0.0865871534258263,"(-18.6129, -9.05498)","(1.02284, 5.20585)","(-0.874273, 3.04541)","(-1.49165, 2.67576)","(-0.0353201, 0.130853)","(-0.182201, 0.147792)",2.0013112456999984,2.1816987543000015,yes,Anxiolytics,d__Bacteria; p__Firmicutes_A; c__Clostridia_258483; o__Oscillospirales; f__Butyricicoccaceae; g__Agathobaculum; s__Agathobaculum butyriciproducens, s__Agathobaculum butyriciproducens
TACGTAGGTGGCAAGCGTTATCCGGATTTACTGGGTGTAAAGGGCGTGTAGGCGGGCTAGCAAGTCAGATGTGAAAACTATGGGCTCAACCCATAGCCTGCATTTGAAACTGTTGGTCTTGAGTGCTGGAGAGGCAATCGGAATTCCGTG,-9.107588125965009,6.565549747069985,0.7606427819299989,0.985385361199998,0.5461039967499984,-1.127842437050001,4.713515767293184,3.334864642504961,2.923008346861138,3.5583973004476306,0.4080847271710416,0.6309698858218084,"(-18.4066, -0.743603)","(0.172796, 12.8392)","(-4.00615, 7.16694)","(-6.18378, 7.51671)","(0.0472675, 1.15689)","(-2.1753, -0.260529)",6.392753747069985,6.273650252930015,yes,Anxiolytics,d__Bacteria; p__Firmicutes_A; c__Clostridia_258483; o__Oscillospirales; f__Oscillospiraceae_88309; g__Lawsonibacter; s__, g__Lawsonibacter
TACGTAGGGAGCGAGCGTTGTCCGGATTTACTGGGTGTAAAGGGTGCGTAGGCGGGATGGCAAGTCAGATGTGAAATACCGGGGCTTAACCCCGGGGCTGCATTTGAAACTGTCGTTCTTGAGTGTAGTAGAGGCAGGCGGAATTCCTAG,-5.639051678499997,6.517733651399992,-2.0759025772880046,-1.7130876442849985,-0.2800178933619998,-0.32066545570405,4.390925675147054,3.714304552809919,4.11485074662077,4.122296825925042,0.5592612145695461,0.6041787545672596,"(-14.1987, 2.12509)","(0.186715, 14.1652)","(-9.73844, 5.71468)","(-9.3218, 5.69235)","(-0.854182, 0.15795)","(-1.07089, 0.236117)",6.331018651399992,7.647466348600008,yes,Anxiolytics,d__Bacteria; p__Firmicutes_A; c__Clostridia_258483; o__Oscillospirales; f__Acutalibacteraceae; g__UBA5905; s__, g__UBA5905
TACGTAGGTGGCAAGCGTTATCCGGAATTATTGGGCGTAAAGCGCGCGTAGGCGGTTTTTTAAGTCTGATGTGAAAGCCCACGGCTCAACCGTGGAGGGTCATTGGAAACTGGAAAACTTGAGTGCAGAAGAGGAAAGTGGAATTCCATG,-4.733454524999991,0.6649663826445015,-0.9030209240500016,-1.8795556300000005,-0.0340970244202999,-0.0238903241101,0.7491116087069225,0.3388997187579229,0.2968725704557188,0.3107297704472764,0.0128144410814391,0.0238649156965966,"(-6.21126, -3.44141)","(0.0331306, 1.30888)","(-1.46623, -0.327287)","(-2.46569, -1.31104)","(-0.0574803, -0.00986378)","(-0.0690443, 0.0203527)",0.6318357826445015,0.6439136173554986,yes,Anxiolytics,d__Bacteria; p__Firmicutes_D; c__Bacilli; o__Staphylococcales; f__Staphylococcaceae; g__Staphylococcus; s__Staphylococcus caprae, s__Staphylococcus caprae
TACGTAGGGGGCAAGCGTTATCCGGATTTACTGGGTGTAAAGGGAGCGTAGACGGCATGGCAAGTCTGAAGTGAAAACCCAGGGCTCAACCCTGGGACTGCTTTGGAAACTGTCAAGCTAGAGTGCAGGAGAGGTAAGTGGAATTCCTAG,-9.88847913500002,0.6249944844449992,-0.4843800677750002,0.6699972689549987,0.02674683189685,-0.0123518724277649,0.6657540885739284,0.3555131369264362,0.3067614219480041,0.3230277227711949,0.0127486213365592,0.0227051902245051,"(-11.1225, -8.67633)","(0.0127849, 1.30434)","(-1.03186, 0.116194)","(0.11146, 1.32818)","(0.00255324, 0.0514166)","(-0.0549298, 0.0306581)",0.6122095844449992,0.6793455155550009,yes,Anxiolytics,d__Bacteria; p__Firmicutes_A; c__Clostridia_258483; o__Lachnospirales; f__Lachnospiraceae; g__; s__, f__Lachnospiraceae
TACGTATGGAGCAAGCGTTATCCGGATTTACTGGGTGTAAAGGGAGCGTAGACGGTTTGGCAAGTCTGATGTGAAATTTCAGGGCTTAACCCTGAACCTGCATTGGAAACTGTCGGACTAGAGTGTCGGAGAGGTGAGTGGAATTCCTAG,-10.495753546700016,8.743059766624999,2.4461650208930013,3.343661743425012,0.05489309119306,-0.4625248456599998,4.540807639407366,3.3493661013985183,3.016440668454283,2.7650106700340533,0.272477121350326,0.3494471788999025,"(-18.8329, -1.98061)","(3.02395, 16.0047)","(-3.36898, 8.04595)","(-1.87993, 8.74269)","(-0.412573, 0.507593)","(-1.09977, 0.131)",5.719109766624999,7.261640233375001,yes,Anxiolytics,d__Bacteria; p__Firmicutes_A; c__Clostridia_258483; o__Lachnospirales; f__Lachnospiraceae; g__; s__, f__Lachnospiraceae
TACGGAAGGTCCCGGCGTTATCCGGATTTATTGGGTTTAAAGGGAGTGTAGGCTGTTTGATAAGCGTGTTGTGAAATGTAGATGCTCAACATCTGAATTGCAGCGCGAACTGTCAGACTTGAGTACACGCAACGTGGGCGGAATTCATGG,-8.409965193499987,3.5580517484000027,1.9497322979160003,1.0533352744599995,-0.0701083553936,0.02488538163555,2.584350165872885,1.539179549724094,1.4962657703380349,1.5511686023886515,0.0685237995478243,0.0905937168069676,"(-13.1269, -3.54792)","(0.798184, 6.61033)","(-0.785057, 4.93613)","(-1.89942, 3.77454)","(-0.205277, 0.0440473)","(-0.149533, 0.197167)",2.7598677484000027,3.0522782515999975,yes,Anxiolytics,d__Bacteria; p__Bacteroidota; c__Bacteroidia; o__Bacteroidales; f__Bacteroidaceae; g__Prevotella; s__Prevotella brunnea, s__Prevotella brunnea
TACGGAAGGCTCGGGCGTTATCCGGATTTATTGGGTTTAAAGGGAGCGTAGGCCGTTTGGTAAGCGTGTTGTGAAATGTAGGAGCTCAACTTCTAGATTGCAGCGCGAACTGTCAGACTTGAGTGCGCACAACGTAGGCGGAATTCATGG,-5.639051678499997,6.517733651399992,-2.0759025772880046,-1.7130876442849985,-0.2800178933619998,-0.32066545570405,4.390925675147054,3.714304552809919,4.11485074662077,4.122296825925042,0.5592612145695461,0.6041787545672596,"(-14.1987, 2.12509)","(0.186715, 14.1652)","(-9.73844, 5.71468)","(-9.3218, 5.69235)","(-0.854182, 0.15795)","(-1.07089, 0.236117)",6.331018651399992,7.647466348600008,yes,Anxiolytics,d__Bacteria; p__Bacteroidota; c__Bacteroidia; o__Bacteroidales; f__Bacteroidaceae; g__Prevotella; s__Prevotella bivia, s__Prevotella bivia
TACAGAGGGTGCGAGCGTTAATCGGATTTACTGGGCGTAAAGCGCGCGTAGGTGGTTAATTAAGTCAAATGTGAAATCCCCGAGCTTAACTTGGGAATTGCATTCGATACTGGTTAGCTAGAGTATGGGAGAGGATGGTAGAATTCCAGG,-13.371836267500024,8.038079839000012,-4.039014463220001,-3.110102259794999,-0.0400148393181499,-0.1014405974808998,4.295338320561445,2.5925490301568987,3.706440362159884,3.722739739408999,0.0971973151427466,0.1750393794777599,"(-21.3445, -5.79471)","(3.81714, 13.1643)","(-10.8835, 2.77608)","(-10.326, 3.67113)","(-0.217297, 0.148876)","(-0.438314, 0.223626)",4.220939839000012,5.1262201609999885,yes,Anxiolytics,d__Bacteria; p__Proteobacteria; c__Gammaproteobacteria; o__Pseudomonadales_660879; f__Moraxellaceae; g__Acinetobacter; s__Acinetobacter towneri_A, s__Acinetobacter towneri_A
TACGGAGGATGCGAGCGTTATCCGGATTTATTGGGTTTAAAGGGTGCGCAGGCGGCGTGCCAAGTCAGCGGTCAAACCGCCGGGCCCAACCCGGCGCCGCCGTTGATACTGGCCCGCTCGAGTGCGCGCGAGGGCGGCGGAACGCGCGGT,-10.346628107000006,3.0603653933949944,2.250622465909998,-0.8520492068137512,-0.07066527041325,0.0189051196353,2.970837441290169,1.4789090258300734,1.1470890076531768,1.4744653082433874,0.0509284367627821,0.0976733833521882,"(-15.2883, -4.35867)","(0.520139, 5.896)","(0.126769, 4.38937)","(-3.53436, 1.99534)","(-0.159429, 0.0268757)","(-0.162968, 0.201592)",2.5402263933949945,2.8356346066050055,yes,Anxiolytics,d__Bacteria; p__Bacteroidota; c__Bacteroidia; o__Bacteroidales; f__Muribaculaceae; g__Sodaliphilus; s__, g__Sodaliphilus
TACGTAGGGGGCAAGCGTTATCCGGATTTACTGGGTGTAAAGGGAGCGTAGACGGCGAGGCAAGTCTGATGTGAAATCTATGGGCTCAACCCATAGCCTGCATTTGAAACTGCAGAGCTTGAGTGAAGTAGAGGCAGGCGGAATTCCCCG,-8.66821911449999,6.155348410399991,-1.157753955719503,6.037264707595995,-0.0596512708060499,-0.6200199483284996,4.505603839492815,3.0656840206629945,4.036843963505396,3.5803389758682216,0.4568848319782367,0.6574610332386238,"(-16.6136, -0.452285)","(0.503405, 12.0613)","(-8.56145, 6.49533)","(0.216263, 13.245)","(-0.523007, 0.326733)","(-1.38161, 0.00976659)",5.6519434103999915,5.905951589600008,yes,Anxiolytics,d__Bacteria; p__Firmicutes_A; c__Clostridia_258483; o__Oscillospirales; f__Acutalibacteraceae; g__Ruminococcus_E; s__Ruminococcus_E sp003438075, s__Ruminococcus_E sp003438075
TACGTAGGTGGCAAGCGTTATCCGGAATTATTGGGCGTAAAGGGTGCGCAGGCGGTTTTTTAAGTTTAAGGTGAAAGCGTGGGGCTTAACCCCATATAGCCTTAGAAACTGGGAGACTGGAGTGCAGGAGAGGGCAATGGAATTCCATGT,-9.243038520849996,7.544532295410007,-2.127614735155005,4.5360657846499945,0.1686230683085502,-0.6698060960700006,4.505914163017364,3.6020350186863603,4.329965897216196,3.4271357634052,0.4910133110586679,0.5777131000302932,"(-17.3883, -0.331214)","(1.04423, 14.9909)","(-10.2298, 6.0614)","(-2.09857, 10.9455)","(-0.393704, 0.700713)","(-1.43179, 0.0247523)",6.500302295410007,7.446367704589993,yes,Anxiolytics,d__Bacteria; p__Firmicutes_D; c__Bacilli; o__Erysipelotrichales; f__Erysipelotrichaceae; g__Holdemania; s__Holdemania sp900120005, s__Holdemania sp900120005
TACGTAGGGGGCAAGCGTTATCCGGATTTACTGGGTGTAAAGGGTGCGTAGGTGGCAAGGCAAGTCAGATGTGAAAGCCCGGGGCTCAACCCCGGTACTGCATTTGAAACTGTCTAGCTAGAGTGCAGGAGAGGTAAGCGGAATTCCCGG,-8.772185029570009,6.182672191214994,-1.8066353718049968,5.194435054529998,-0.5431757286989994,-0.08027148160869,4.610592861279241,3.24672029079766,4.009375024223772,3.439874910057914,0.6300873131925637,0.6537316167984829,"(-17.7314, -0.654931)","(0.245442, 12.7358)","(-9.52416, 5.58074)","(-1.28187, 11.8136)","(-1.21467, 0.158427)","(-0.842602, 0.553432)",5.9372301912149945,6.553127808785005,yes,Anxiolytics,d__Bacteria; p__Firmicutes_A; c__Clostridia_258483; o__Lachnospirales; f__Lachnospiraceae; g__Eubacterium_F; s__Eubacterium_F sp003491505, s__Eubacterium_F sp003491505
TACGTAGGGGGCAAGCGTTATCCGGATTTACTGGGTGTAAAGGGAGCGTAGACGGCGATGCAAGTCTGAAGTGAAATACCCGGGCTCAACCTGGGAACTGCTTTGGAAACTGTATGGCTAGAGTGCTGGAAAGGTAAGCGGAATTCCTAG,-8.772185029570009,6.182672191214994,-1.8066353718049968,5.194435054529998,-0.5431757286989994,-0.08027148160869,4.610592861279241,3.24672029079766,4.009375024223772,3.439874910057914,0.6300873131925637,0.6537316167984829,"(-17.7314, -0.654931)","(0.245442, 12.7358)","(-9.52416, 5.58074)","(-1.28187, 11.8136)","(-1.21467, 0.158427)","(-0.842602, 0.553432)",5.9372301912149945,6.553127808785005,yes,Anxiolytics,d__Bacteria; p__Firmicutes_A; c__Clostridia_258483; o__Lachnospirales; f__Lachnospiraceae; g__Copromonas; s__Copromonas sp900066535, s__Copromonas sp900066535
TACGTAGGTGGCAAGCGTTATCCGGATTTACTGGGTGTAAAGGGCGTGTAGGCGGGATTGCAAGTCAGATGTGAAAACTGGGGGCTCAACCTCCAGCCTGCATTTGAAACTGTAGTTCTTGAGTGCTGGAGAGGCAATCGGAATTCCGTG,-6.370324665000014,0.8427965910000003,-0.2761650816549998,0.2375245689534999,0.01022491172605,-0.0251611405589,0.4616983239873063,0.2128960405397024,0.186696356291579,0.1913210769999378,0.0075410833664948,0.0152255972288556,"(-7.23646, -5.5205)","(0.422485, 1.23791)","(-0.635145, 0.0526923)","(-0.126177, 0.583617)","(-0.00397148, 0.0242461)","(-0.0532216, 0.00290384)",0.42031159100000026,0.3951134089999998,yes,Anxiolytics,d__Bacteria; p__Firmicutes_A; c__Clostridia_258483; o__Oscillospirales; f__Oscillospiraceae_88309; g__Lawsonibacter; s__, g__Lawsonibacter
TACGTAAGGACCGAGCGTTGTCCGGAATCATTGGGCGTAAAGGGTACGTAGGCGGTTAGAAAAGTTAGAAGTGAAAGGCTATAGCTCAACTATAGTAAGCTTTTAAAACTGTTTAACTTGAGAGATGGAAGGGAAAGTGGAATTCCTAGT,-6.735530960000004,1.507844845065499,1.372355323300001,-2.973128028,-0.0373148832997999,0.02597197213091,1.136427990704724,0.7271789385014301,0.568862588608864,0.6105535361849899,0.0231496264395391,0.03828690899183,"(-8.89308, -4.68371)","(0.160073, 2.8401)","(0.247377, 2.39057)","(-4.07776, -1.79631)","(-0.0772025, 0.00847303)","(-0.0406472, 0.10285)",1.3477718450654992,1.332255154934501,yes,Anxiolytics,d__Bacteria; p__Firmicutes_A; c__Clostridia_258483; o__Tissierellales; f__Peptoniphilaceae; g__Anaerococcus; s__Anaerococcus provencensis, s__Anaerococcus provencensis
TACGTAGGGGGCAAGCGTTATCCGGATTTACTGGGTGTAAAGGGAGCGTAGACGGCGATGCAAGTCTGAAGTGAAAGCCCGGGGCTCAACCCCGGGACTGCTTTGGAAACTGTGTGGCTGGAGTGCAGGAGAGGTAAGTGGAATTCCTAG,-8.475177144999973,1.3867759824750003,-0.563460261895199,1.0791753428199995,-0.004573634604985,-0.0655952150525999,1.1899223632680411,0.5208074631898939,0.4540594529706284,0.4694574392441006,0.0178907772286427,0.0370720280507521,"(-10.6101, -6.16231)","(0.460364, 2.45897)","(-1.40339, 0.304127)","(0.207822, 1.9955)","(-0.0378294, 0.0277695)","(-0.132985, 0.00562143)",0.9264119824750003,1.0721940175249995,yes,Anxiolytics,d__Bacteria; p__Firmicutes_A; c__Clostridia_258483; o__Lachnospirales; f__Lachnospiraceae; g__Enterocloster; s__Enterocloster sp000155435, s__Enterocloster sp000155435
TACGTAGGGGGCGAGCGTTATCCGGATTCATTGGGCGTAAAGCGCGCGTAGGCGGCCCGTCAAGCGGAACCTCTAACCCGAGGGCTCAACCCCCGGTCGGGTTCCGAACTGGCAGGCTCGAGTTTGGTAGAGGAAGATGGAATTCCCGGT,-9.82032638950001,2.375557750469997,1.2249158735695012,-0.6371631917920014,0.0124050882819999,-0.11180872699915,2.3961022807393264,1.3764393553509908,1.157342995861273,1.4363653057163372,0.0536556099442071,0.0865563744802185,"(-14.6979, -5.51083)","(0.0303006, 5.11987)","(-1.16263, 3.18671)","(-3.41484, 2.00048)","(-0.0906317, 0.115261)","(-0.2768, 0.0552409)",2.345257150469997,2.7443122495300027,yes,Anxiolytics,d__Bacteria; p__Actinobacteriota; c__Coriobacteriia; o__Coriobacteriales; f__Eggerthellaceae; g__Gordonibacter; s__Gordonibacter pamelaeae, s__Gordonibacter pamelaeae
TACGTAGGGCGCGAGCGTTGTCCGGAATTACTGGGTGTAAAGGGAGCGTAGGCGGGACGGTAAGTCAGGTGTGAAATATACGTGCTCAACATGTAGACTGCACTTGAAACTGCTGTTCTTGAGTGAAGTAGAGGTAAGCGGAATTCCTAG,-4.839092568596655,7.238971467700002,-2.070236208894998,-2.1293168888950023,-0.317341001452,-0.3339557879675002,4.240660465673577,3.829007936955167,3.991415645382576,3.98367178236982,0.5000789750968141,0.6427775992225591,"(-12.6091, 3.00455)","(1.39358, 15.4398)","(-9.56537, 5.40901)","(-10.0817, 4.53113)","(-0.915309, 0.157895)","(-1.05038, 0.170354)",5.845391467700002,8.200828532299997,yes,Anxiolytics,d__Bacteria; p__Firmicutes_A; c__Clostridia_258483; o__Oscillospirales; f__Ruminococcaceae; g__UBA1394; s__UBA1394 sp900066845, s__UBA1394 sp900066845
CACGTAGGGGGCGAGCGTTATCCGGATTCATTGGGCGTAAAGCGCGCGCAGGCGGCCGCGCAAGCGGAACCTCTAACCCGAGGGCTCAACCCCCGGCCGGGTTCCGGACTGCGCGGCTCGGGTGCGGCAGAGGCAGGCGGAACTCCCGGT,-7.110996484500018,5.184517618250006,2.0365121755304987,-4.371448455128999,0.010994204829021,-0.2676261801445002,3.3959621493368526,2.2154591262229317,1.628383125864824,3.257657851911876,0.0800296490460225,0.1587795352500216,"(-13.2864, -0.601929)","(1.15283, 9.47152)","(-0.983833, 5.15791)","(-10.4683, 1.79655)","(-0.143402, 0.151532)","(-0.578511, 0.0236534)",4.0316876182500065,4.287002381749994,yes,Anxiolytics,d__Bacteria; p__Actinobacteriota; c__Coriobacteriia; o__Coriobacteriales; f__Eggerthellaceae; g__; s__, f__Eggerthellaceae
TACGGAGGGTGCAAGCGTTAATCGGAATTACTGGGCGTAAAGCGCACGCAGGCGGTCTGTCAAGTCGGATGTGAAATCCCCGGGCTCAACCTGGGAACTGCATTCGAAACTGGCAGGCTAGAGTCTTGTAGAGGGGGGTAGAATTCCAGG,-7.8385884549999965,2.7580580568500017,1.3265782762900007,-2.670484448150002,0.1212999713115001,-0.1029729640874,1.6397002262851177,0.8777004198697408,0.8240544940709629,0.7963785386180492,0.0368922043923212,0.0560249728127423,"(-10.6584, -4.49828)","(1.11639, 4.4222)","(-0.182895, 2.98449)","(-4.11318, -1.12167)","(0.0512037, 0.189588)","(-0.211865, -0.00328719)",1.6416680568500017,1.6641419431499984,yes,Anxiolytics,d__Bacteria; p__Proteobacteria; c__Gammaproteobacteria; o__Enterobacterales_A_737866; f__Enterobacteriaceae_A; g__Klebsiella_724518; s__Klebsiella granulomatis, s__Klebsiella granulomatis
TACGTAGGGAGCGAGCGTTGTCCGGAATTACTGGGTGTAAAGGGTGCGTAGGCGGGCTGTCAAGTCAGATGTGAAATACCGGGGCTTAACTCCGGGGCTGCATTTGAAACTGATGGTCTTGAGTGAAGTAGAGGCAGGCGGAATTCCTAG,-8.70366155149,7.015693711915006,3.739601345124997,-0.3280635248799997,0.0022247627099999,-0.2426557543229999,4.636586812790168,3.7984136411211207,3.0550120620511656,3.033174838992076,0.196406064969856,0.2808474523040761,"(-17.1675, 0.030624)","(0.340818, 15.468)","(-2.0024, 9.81858)","(-5.93783, 5.47247)","(-0.348783, 0.353049)","(-0.785828, 0.245938)",6.674875711915006,8.452306288084994,yes,Anxiolytics,d__Bacteria; p__Firmicutes_A; c__Clostridia_258483; o__Oscillospirales; f__Ruminococcaceae; g__CAG-353; s__, g__CAG-353
TACGTAGGGGGCAAGCGTTATCCGGATTTACTGGGTGTAAAGGGAGCGTAGACGGCATGGCAAGTCTGAAGTGAAAGCCCGGGGCTCAACCCCGGGACTGCTTTGGAAACTGTCAGGCTAGAGTGCTGGAGGGGTAAGTGGAATTCCTAG,-8.832046025275002,6.5056965608499935,1.112899145133499,-2.105518245650001,0.3857248289600001,-0.9733637737999996,4.799508595845274,3.093625937666561,2.744250484438682,4.213893323689316,0.2985809538405933,0.4987772090205831,"(-17.7807, 0.0633789)","(0.980358, 12.6239)","(-4.33552, 5.90067)","(-10.0104, 5.93743)","(0.0119226, 0.946934)","(-1.9489, -0.218372)",5.525338560849994,6.118203439150007,yes,Anxiolytics,d__Bacteria; p__Firmicutes_A; c__Clostridia_258483; o__Lachnospirales; f__Lachnospiraceae; g__UBA3402; s__UBA3402 sp003478355, s__UBA3402 sp003478355
TACGTAGGTGGCAAGCGTTATCCGGATTTATTGGGCGTAAAGCGAGCGCAGGCGGTTTTTTAAGTCTGATGTGAAAGCCCTCGGCTTAACCGAGGAAGCGCATCGGAAACTGGGAAACTTGAGTGCAGAAGAGGACAGTGGAACTCCATG,-6.697059217220003,5.014005695000003,1.181983624015002,-2.272677654184996,-0.1865796278429997,-0.0700023515779998,3.1343145244558643,1.88140668656986,1.4333519539277455,2.237156563882463,0.0960945650992663,0.1291645492790919,"(-12.0835, -0.619743)","(1.85656, 8.83549)","(-1.40054, 3.97474)","(-6.58043, 1.82633)","(-0.378206, -0.0232649)","(-0.311955, 0.169212)",3.1574456950000034,3.8214843049999967,yes,Anxiolytics,d__Bacteria; p__Firmicutes_D; c__Bacilli; o__Lactobacillales; f__Lactobacillaceae; g__Lacticaseibacillus; s__Lacticaseibacillus paracasei, s__Lacticaseibacillus paracasei
