Feature,Intercept_mean,DX_MDD[T.True]_mean,Gender[T.Male]_mean,cobre[T.Yes]_mean,Age_mean,InBody_BMI_mean,Intercept_std,DX_MDD[T.True]_std,Gender[T.Male]_std,cobre[T.Yes]_std,Age_std,InBody_BMI_std,Intercept_hdi,DX_MDD[T.True]_hdi,Gender[T.Male]_hdi,cobre[T.Yes]_hdi,Age_hdi,InBody_BMI_hdi,lower,upper,significant,direction,full_taxonomy,taxonomy
TACGTAGGGTGCAAGCGTTATCCGGAATTATTGGGCGTAAAGGGCTCGTAGGCGGTTCGTCGCGTCCGGTGTGAAAGTCCATCGCTTAACGGTGGATCCGCGCCGGGTACGGGCGGGCTTGAGTGCGGTAGGGGAGACTGGAATTCCCGG,-6.756444629999992,0.6259297384650001,0.5244449982149992,1.1212293089999998,0.008976490327585,-0.00337256495149,0.6716579596624038,0.2759745543835478,0.26436918557502,0.3287760401411248,0.0127284216193241,0.021097441943793,"(-7.9817, -5.47785)","(0.0701998, 1.08906)","(0.056729, 1.05165)","(0.508733, 1.75427)","(-0.0144608, 0.0324712)","(-0.0427414, 0.0347039)",0.5557299384650001,0.4631302615349998,yes,MDD,d__Bacteria; p__Actinobacteriota; c__Actinomycetia; o__Actinomycetales; f__Bifidobacteriaceae; g__Bifidobacterium_388775; s__Bifidobacterium breve, s__Bifidobacterium breve
TACGTAGGGGGCAAGCGTTATCCGGATTTACTGGGTGTAAAGGGAGCGTAGACGGGATAGCAAGTCTGAAGTGAAAGCCCGGGGCTCAACCCCGGGACTGCTTTGGAAACTGTTGACCTGGAGTGCTGGAGAGGCAAGTGGAATTCCTAG,-4.165635574034995,4.046790642499997,-0.9996400953000012,-0.344061381993,-0.0796661753405,-0.2311642579200006,2.62892329342842,1.068760945237769,1.160031332953915,1.162460717016188,0.0522938026016457,0.0908983795587603,"(-9.04032, 0.577556)","(2.01593, 6.11042)","(-3.0688, 1.15135)","(-2.58918, 1.85025)","(-0.179323, 0.0128313)","(-0.401904, -0.0683711)",2.030860642499997,2.0636293575000035,yes,MDD,d__Bacteria; p__Firmicutes_A; c__Clostridia_258483; o__Lachnospirales; f__Lachnospiraceae; g__Merdimonas; s__Merdimonas faecis, s__Merdimonas faecis
TACGTAGGGGGCAAGCGTTGTCCGGATTTACTGGGTGTAAAGGGAGCGTAGACGGCGACGCAAGTCTGAAGTGAAATACCCGGGCTCAACCTGGGAACTGCTTTGGAAACTGTGTTGCTGGAGTGCTGGAGAGGTAAGCGGAATTCCTAG,-12.244689329999998,3.700596112665004,1.4781372230900016,0.3813329555595,0.07873593054785,-0.1547966124909999,2.827649936770241,1.9006869932653292,1.6851514689372686,1.3910891420318718,0.116635990116109,0.1946203466458591,"(-17.3136, -6.6306)","(0.192073, 7.5455)","(-1.84833, 4.523)","(-2.20309, 3.04634)","(-0.132897, 0.30744)","(-0.549732, 0.179843)",3.508523112665004,3.8449038873349957,yes,MDD,d__Bacteria; p__Firmicutes_A; c__Clostridia_258483; o__Lachnospirales; f__Lachnospiraceae; g__Copromonas; s__Copromonas sp900066535, s__Copromonas sp900066535
TACGTAGGTAGCGAGCGTTGTCCGGAATTACTGGGTGTAAAGGGAGCGTAGGCGGGATTGCAAGTTGAATGTTAAATCTATGGGCTCAACCCATAGCCGCGTTCAAAACTGCAGTTCTTGAGTGAAGTAGAGGCAGGCGGAATTCCTAGT,-12.148516685000024,3.5488978349009934,0.3977973129750002,0.4545744430155001,0.1060766481315001,-0.2608226895300002,3.383926165092249,1.7094933751237555,1.3044580652014786,1.341176980216999,0.0668588687298762,0.1493714481214742,"(-18.7133, -5.75521)","(0.72315, 6.9173)","(-1.89459, 2.9901)","(-1.95604, 2.98465)","(0.00202321, 0.244813)","(-0.571149, -0.014706)",2.8257478349009935,3.3684021650990066,yes,MDD,d__Bacteria; p__Firmicutes_A; c__Clostridia_258483; o__Oscillospirales; f__Ruminococcaceae; g__Massiliimalia_59888; s__, g__Massiliimalia_59888
TACGTAGGTGGCAAGCGTTGTCCGGAATTATTGGGCGTAAAGGGCGCGCAGGCGGCATCGCAAGTCGGTCTTAAAAGTGCGGGGCTTAACCCCGTGAGGGGACCGAAACTGTGAAGCTCGAGTGTCGGAGAGGAAAGCGGAATTCCTAGT,-9.853018744999996,2.04065115165,1.004442049365,-0.0376572848594999,0.0002837621176,0.0748705924795,1.419228440458009,0.6185020085502091,0.6505268062380153,0.7392578990598114,0.0346213489644473,0.045637252256771,"(-12.4925, -7.32892)","(0.952931, 3.22533)","(-0.237072, 2.24782)","(-1.3847, 1.38534)","(-0.0627268, 0.0664059)","(-0.0141884, 0.155612)",1.0877201516500001,1.18467884835,yes,MDD,d__Bacteria; p__Firmicutes_C; c__Negativicutes; o__Veillonellales; f__Megasphaeraceae; g__Megasphaera_A_38685; s__Megasphaera_A_38685 massiliensis, s__Megasphaera_A_38685 massiliensis
TACGTAGGGGGCAAGCGTTATCCGGATTTACTGGGTGTAAAGGGAGCGTAGACGGCGACGCAAGTCTGGAGTGAAAGCCCGGGGCCCAACCCCGGGACTGCTTTGGAAACTGTGCTGCTGGAGTGCAGGAGAGGTAAGTGGAATTCCTAG,-7.584335440000003,1.0812007000500004,-0.4103541723395001,-0.6176142331445,0.0099058725930999,-0.1046252141299999,1.0794092772825357,0.3816164081719468,0.4078078010719166,0.433188243032971,0.0167523075987971,0.0356592765805142,"(-9.63242, -5.61856)","(0.361476, 1.74016)","(-1.19285, 0.34314)","(-1.4144, 0.205804)","(-0.0199002, 0.0416838)","(-0.169391, -0.0361606)",0.7197247000500003,0.6589592999499996,yes,MDD,d__Bacteria; p__Firmicutes_A; c__Clostridia_258483; o__Lachnospirales; f__Lachnospiraceae; g__Enterocloster; s__Enterocloster aldenensis, s__Enterocloster aldenensis
TACGTAGGGGGCAAGCGTTATCCGGATTTACTGGGTGTAAAGGGAGCGTAGACGGCGATGCAAGTCTGAAGTGAAATACCCGGGCTCAACCTGGGAACTGCTTTGGAAACTGTGTTGCTAGAGTGCTGGAGAGGTAAGCGGAATTCCTAG,-12.770491999999988,2.2994446147800014,1.2513570685200004,-0.0172504031479999,-0.0386448981925848,0.0632214426459998,1.4750246805449392,0.6484276722423011,0.7244165873680342,0.6887330627849904,0.0349976985844449,0.0584111941241264,"(-15.3346, -9.94322)","(1.04508, 3.48603)","(-0.0904247, 2.58167)","(-1.25731, 1.25046)","(-0.108395, 0.0239677)","(-0.0369893, 0.187154)",1.2543646147800014,1.1865853852199986,yes,MDD,d__Bacteria; p__Firmicutes_A; c__Clostridia_258483; o__Lachnospirales; f__Lachnospiraceae; g__Copromonas; s__Copromonas sp900066535, s__Copromonas sp900066535
TACGGAGGATGCAAGCGTTATCCGGATTTATTGGGTTTAAAGGGTGCGTAGGCGGAATCCCAAGTCAGCGGTGAAATCTCCATGCTCAACATGGACACTGCCGTTGAAACTGGAGTTCTAGAGTGTAAATGAGGTAGGCGGAATGCGTGG,-5.515082286685007,4.719884915715002,0.4515487707310006,-0.12111741571,-0.7059070613499999,0.3107160887909995,3.861612279694529,2.27620194190519,2.0872847764777385,1.9153843440059264,0.2792705704046659,0.2123403632413905,"(-13.2096, 1.18933)","(0.363459, 9.01979)","(-3.49149, 4.55293)","(-3.8165, 3.43369)","(-1.19123, -0.193131)","(-0.0265157, 0.728474)",4.356425915715002,4.299905084284998,yes,MDD,d__Bacteria; p__Bacteroidota; c__Bacteroidia; o__Bacteroidales; f__Barnesiellaceae; g__CABJAA01; s__, g__CABJAA01
TACGGAAGGTCCGGGCGTTATCCGGATTTATTGGGTTTAAAGGGAGCGTAGGCCGCGTTTTAAGCGTGTTGTGAAATGTAGACGCCCAACGTCTGCATCGCAGCGCGAACTGGGACGCTTGAGTACGCGCAACGTTGGCGGAATTCGTCG,-5.475226333200011,2.0962051850499974,0.7143554046230007,-0.8354833131050006,-0.0284391335248499,-0.06929939744935,2.040185946795919,0.8391011632332475,0.8847031908742097,0.8589504723983818,0.0471125864558984,0.0601039092382801,"(-9.14161, -1.57656)","(0.416921, 3.51609)","(-0.921493, 2.47166)","(-2.43816, 0.700687)","(-0.112884, 0.0619751)","(-0.181065, 0.043487)",1.6792841850499975,1.4198848149500027,yes,MDD,d__Bacteria; p__Bacteroidota; c__Bacteroidia; o__Bacteroidales; f__Bacteroidaceae; g__Prevotella; s__, g__Prevotella
TACGTAGGGGGCAAGCGTTATCCGGATTTACTGGGTGTAAAGGGAGCGTAGACGGCTTAGCAAGTCTGAAGTGAAAGCCCGGGGCTCAACCCCGGGACTGCTTTGGAAACTGTTAAGCTGGAGTGCTGGAGAGGTAAGCGGAATTCCTAG,-11.511589790000002,0.9587411536750003,0.6861419451134997,1.085182103579998,0.0146478834217249,0.0526593801473499,1.3931679894165496,0.4863029105499249,0.5325308172629694,0.5949015979939215,0.0272248421258232,0.0471980209530214,"(-14.0472, -8.77905)","(0.0455164, 1.90166)","(-0.289539, 1.65146)","(-0.0167804, 2.20208)","(-0.0378221, 0.0661851)","(-0.0323384, 0.143956)",0.9132247536750003,0.9429188463249996,yes,MDD,d__Bacteria; p__Firmicutes_A; c__Clostridia_258483; o__Lachnospirales; f__Lachnospiraceae; g__Clostridium_Q_135853; s__Clostridium_Q_135853 saccharolyticum_A, s__Clostridium_Q_135853 saccharolyticum_A
TACGTAGGGCGCAAGCGTTATCCGGAATTATTGGGCGTAAAGAGCTTGTAGGCGGTTCGTCGCGTCTGGTGTGAAAGCCCATCGCTTAACGGTGGGTCTGCGCCGGGTACGGGCGGGCTAGAGTGCAGTAGGGGAGACTGGAATTCCCGG,-3.142356736394996,3.2081552829499977,-5.036451279000007,-2.017145008059999,-0.1056661060619999,-0.1097567192475,2.329605719990302,1.1481092440252323,1.1473564787763595,1.0126827379420955,0.0571258299866136,0.0671606501395466,"(-7.59227, 1.2389)","(1.1515, 5.55226)","(-6.99876, -2.65782)","(-3.97033, -0.265424)","(-0.212258, 0.00664684)","(-0.236715, 0.0155355)",2.0566552829499978,2.3441047170500027,yes,MDD,d__Bacteria; p__Actinobacteriota; c__Actinomycetia; o__Actinomycetales; f__Bifidobacteriaceae; g__Bifidobacterium_388775; s__Bifidobacterium swidsinskii, s__Bifidobacterium swidsinskii
TACGTAGGTGGCAAGCGTTGTCCGGATTTACTGGGTGTAAAGGGCGTGTAGCCGGGTCGGCAAGTCAGATGTGAAATCTGGAGGCTCAACCTCCAAACTGCATTTGAAACTGCCGGTCTTGAGTATCGGAGAGGTCATCGGAATTCCTTG,-6.620703911734991,5.579513166299996,-2.770139350565001,6.472624894599993,-0.2820115672921504,-0.4978023662499993,4.677872020319516,3.3544964711611587,3.984672300671977,3.292942186612183,0.2614351465701495,0.3375569527326836,"(-15.1884, 2.44927)","(0.0727926, 12.2516)","(-10.6761, 4.49634)","(0.692248, 12.5697)","(-0.819922, 0.159043)","(-1.14214, 0.127058)",5.506720566299997,6.672086833700003,yes,MDD,d__Bacteria; p__Firmicutes_A; c__Clostridia_258483; o__Oscillospirales; f__Oscillospiraceae_88309; g__Dysosmobacter; s__, g__Dysosmobacter
TACGTAGGGGGCAAGCGTTATCCGGATTTACTGGGTGTAAAGGGAGCGTAGACGGCAGTGCAAGTCTGAAGTGAAAGCCCGGGGCTCAACCCCGGGACTGCTTTGGAAACTGTGCAGCTAGAGTGTCGGAGAGGCAAGCGGAATTCCTAG,-13.818370915000008,2.5207754560500018,0.5377398286435011,-0.8255551046164998,-0.0483599111672,0.1756596974590499,2.933642374012466,1.217588758721661,1.0358360486084006,1.143265074729617,0.0557996426801611,0.1111027304268415,"(-19.1437, -8.14004)","(0.556631, 5.1623)","(-1.32309, 2.53725)","(-3.05163, 1.34041)","(-0.146817, 0.057249)","(-0.0282007, 0.384695)",1.9641444560500019,2.6415245439499984,yes,MDD,d__Bacteria; p__Firmicutes_A; c__Clostridia_258483; o__Lachnospirales; f__Lachnospiraceae; g__Faecalimonas; s__Faecalimonas umbilicata, s__Faecalimonas umbilicata
TACGTAGGTGGCGAGCGTTATCCGGATTTACTGGGTGTAAAGGGCGTGTAGGCGGGAAGGCAAGTCAGACGTGAAAACCACGGGCTCAACCTGTGGCCTGCGTTTGAAACTGTTTTTCTTGAGTGATGGAGAGGCAGGCGGAATTCCGTG,-10.27600515640003,5.886858176399989,-5.487475601600001,1.984569663777998,0.055032151357,-0.3590772947499999,3.382401571480965,2.520834032012625,3.063438276303972,1.4905874175772102,0.0705758484290972,0.1488224782876643,"(-16.7491, -4.01358)","(1.61067, 11.1016)","(-11.1543, -0.0346313)","(-0.847588, 4.59435)","(-0.0732771, 0.189895)","(-0.623031, -0.086622)",4.276188176399989,5.2147418236000105,yes,MDD,d__Bacteria; p__Firmicutes_A; c__Clostridia_258483; o__Oscillospirales; f__Oscillospiraceae_88309; g__Intestinimonas; s__Intestinimonas butyriciproducens, s__Intestinimonas butyriciproducens
TACGGGGGGTGCAAGCGTTACTCGGAATCACTGGGCGTAAAGGACGCGTAGGCGGATTATCAAGTCTTTTGTGAAATCTAGTGGCTTAACCACTAAACTGCTTAGGAAACTGATAGTCTAGAGTAGGGGAGAGGTAGATGGAATTCTTGG,-8.42211612500002,1.1059095087149986,-0.8853112534835024,-0.0917881287979099,0.02003904453285,0.00647699374865,1.108674304742124,0.4668071718526271,0.481466313264771,0.5264597510025429,0.0254356836320079,0.0387262795435764,"(-10.4656, -6.35253)","(0.137432, 1.92941)","(-1.80418, -0.000489497)","(-1.00797, 0.951149)","(-0.0250366, 0.0677961)","(-0.0618287, 0.0837951)",0.9684775087149986,0.8235004912850015,yes,MDD,d__Bacteria; p__Campylobacterota; c__Campylobacteria; o__Campylobacterales; f__Campylobacteraceae; g__Campylobacter_B; s__Campylobacter_B ureolyticus, s__Campylobacter_B ureolyticus
TACGTAGGGGGCAAGCGTTATCCGGAATTACTGGGTGTAAAGGGTGCGTAGGTGGTATGGCAAGTCAGAAGTGAAAACCCAGGGCTTAACTCTGGGACTGCTTTTGAAACTGTCAGACTGGAGTGCAGGAGAGGTAAGCGGAATTCCTAG,-6.700102150000007,0.5123158605150009,0.5083457532490002,-0.3101757767130002,-0.014474228144645,0.015902322873,0.4996173454075399,0.1961504641593769,0.1976008371453985,0.2157676759075299,0.0092949410304514,0.0177387816266321,"(-7.63205, -5.74088)","(0.151373, 0.884457)","(0.131533, 0.85857)","(-0.689361, 0.116505)","(-0.0304282, 0.00434022)","(-0.0166102, 0.0507408)",0.3609428605150009,0.37214113948499916,yes,MDD,d__Bacteria; p__Firmicutes_A; c__Clostridia_258483; o__Lachnospirales; f__Lachnospiraceae; g__Anaerostipes; s__Anaerostipes hadrus, s__Anaerostipes hadrus
TACGTAGGGGGCAAGCGTTATCCGGATTTACTGGGTGTAAAGGGAGCGCAGACGGCGATGCAAGTCTGGAGTGAAAGCCCGGGGCTCAACCCCGGGACTGCTTTGGAAACTGTATGGCTAGAGTGCTGGAGAGGCAAGCGGAATTCCTAG,-8.102828715000014,0.7638451396334998,0.6212573617569992,0.2329280205050004,-0.0298082662359999,0.0333386404369499,0.5807303675973033,0.2091696398642687,0.2169845810553839,0.2343496467433435,0.0101264240322947,0.0195462208433147,"(-9.18506, -7.05545)","(0.362356, 1.15355)","(0.229487, 1.04428)","(-0.205166, 0.661077)","(-0.0485783, -0.0101828)","(-0.00347296, 0.0700611)",0.40148913963349975,0.3897048603665003,yes,MDD,d__Bacteria; p__Firmicutes_A; c__Clostridia_258483; o__Lachnospirales; f__Lachnospiraceae; g__Enterocloster; s__Enterocloster sp000431375, s__Enterocloster sp000431375
TACGTATGGTGCAAGCGTTATCCGGATTTACTGGGTGTAAAGGGAGCGTAGACGGTTGTGTAAGTCTGATGTGAAAGCCCGGGGCTCAACCCCGGGACTGCATTGGAAACTATGTAACTAGAGTGTCGGAGAGGTAAGCGGAATTCCTAG,-6.788095911999995,2.4981442805500014,-0.4926206898365002,0.6436275170369992,-0.0761300002714502,-0.0025296815309999,1.53580517161924,0.7207812440382908,0.7463688852477687,0.7413843510070491,0.0380851403969639,0.0621691031192497,"(-9.46452, -3.68669)","(1.078, 3.78439)","(-1.81652, 1.00514)","(-0.690981, 2.07287)","(-0.147257, -0.00527299)","(-0.125157, 0.104404)",1.4201442805500013,1.2862457194499988,yes,MDD,d__Bacteria; p__Firmicutes_A; c__Clostridia_258483; o__Lachnospirales; f__Lachnospiraceae; g__Faecalimonas; s__Faecalimonas phoceensis, s__Faecalimonas phoceensis
TACGTAGGGAGCAAGCGTTATCCGGATTTACTGGGTGTAAAGGGCGAGTAGGCGGGCTGGCAAGTTGGGAGTGAAATCCCGGGGCTTAACCCCGGAACTGCTTTCAAAACTGCTGGTCTTGAGTGATGGAGAGGCAGGCGGAATTCCGTG,-13.835556535000002,3.3090106505999985,-0.562141278,0.9440133357099983,-0.0510787827625501,0.0565097101555001,2.918326942186163,1.363464012340281,1.174648177081615,1.4218193776645467,0.0489005043062815,0.0926375537195797,"(-19.4484, -8.33882)","(0.628733, 5.86522)","(-2.97555, 1.50191)","(-1.494, 3.71771)","(-0.149945, 0.0299993)","(-0.115879, 0.231375)",2.6802776505999986,2.5562093494000013,yes,MDD,d__Bacteria; p__Firmicutes_A; c__Clostridia_258483; o__Oscillospirales; f__Butyricicoccaceae; g__Agathobaculum; s__, g__Agathobaculum
TACGTAGGGGGCAAGCGTTATCCGGATTTACTGGGTGTAAAGGGAGCGTAGACGGCATGGCAAGTCTGAAGTGAAAGCCCGGGGCTCAACCCCGGGACTGCTTTGGAAACTGTCAGGCTAGAGTGCTGGAGAGGTAAGTGGAATTCCTAG,-8.888496445,1.3989221305700008,1.2862730653000032,0.160526217269,0.0031741617863,-0.0265451856444,1.470388501670158,0.5844491414953419,0.6037182009355977,0.5859612646929357,0.0252744343356795,0.0564436276815397,"(-11.6483, -6.12731)","(0.338952, 2.463)","(0.20714, 2.44173)","(-0.9226, 1.23174)","(-0.0459348, 0.0491269)","(-0.132139, 0.0777129)",1.059970130570001,1.0640778694299993,yes,MDD,d__Bacteria; p__Firmicutes_A; c__Clostridia_258483; o__Lachnospirales; f__Lachnospiraceae; g__Dorea_A; s__, g__Dorea_A
TACGTAGGGGGCAAGCGTTATCCGGATTTACTGGGTGTAAAGGGAGCGTAGACGGCGACGCAAGTCTGGAGTGAAAGCCCGGGGCCCAACCCCGGGACTGCTTTGGAAACTGTGTTGCTGGAGTGCAGGAGAGGTAAGTGGAATTCCTAG,-12.021503254999995,3.065570340249997,0.1416287367994999,-0.4131476891815005,0.0360213869109999,-0.1041853969454998,2.025453187272753,0.994279278631944,0.9357662311284836,0.9305560449540928,0.0423268415789265,0.0738096111354152,"(-15.9669, -8.25514)","(1.296, 5.0173)","(-1.68479, 1.86324)","(-2.12297, 1.3597)","(-0.0361474, 0.117849)","(-0.231979, 0.0460055)",1.7695703402499972,1.9517296597500025,yes,MDD,d__Bacteria; p__Firmicutes_A; c__Clostridia_258483; o__Lachnospirales; f__Lachnospiraceae; g__Enterocloster; s__Enterocloster aldenensis, s__Enterocloster aldenensis
TACGTAGGGGGCAAGCGTTATCCGGATTTACTGGGTGTAAAGGGAGCGTAGACGGCGCGGCAAGTCTGAAGTGAAAGCCCGGGGCTTAACCCCGGGACTGCTTTGGAAACTGCCATGCTGGAGTGCTGGAGAGGTAAGTGGAATTCCTAG,-15.529555585000017,2.5708825858349984,-2.382592389700005,0.5979054112585006,0.06118375127605,-0.0387562115970999,2.929178996918908,1.3961468981640377,1.4862099443599637,1.2095637496082354,0.0487390896182794,0.0861828845107073,"(-21.3493, -10.1941)","(0.0596717, 5.16276)","(-5.09163, 0.463479)","(-1.77076, 2.71582)","(-0.0318815, 0.150381)","(-0.213452, 0.108204)",2.5112108858349984,2.591877414165001,yes,MDD,d__Bacteria; p__Firmicutes_A; c__Clostridia_258483; o__Lachnospirales; f__Lachnospiraceae; g__Enterocloster; s__, g__Enterocloster
TACGTAGGTGGCAAGCGTTATCCGGAATTATTGGGCGTAAAGGGTGCGTAGGCGGCGAGATAAGTCTGAGGTAAAAGCCCGTGGCTCAACCACGGTAAGCCTTGGAAACTGTCTGGCTGGAGTGCAGGAGAGGACAATGGAATTCCATGT,-6.337976279999993,1.1583328780000015,-0.183163545982,-0.1465407579949999,-0.00356334969931,-0.112247314575,1.0644780023985765,0.4613836006389791,0.4829259096803043,0.5036373981705603,0.0225903628199846,0.044617322764007,"(-8.31501, -4.31506)","(0.274055, 1.97582)","(-1.09747, 0.702281)","(-1.03547, 0.858396)","(-0.0472176, 0.0382074)","(-0.196977, -0.0309942)",0.8842778780000016,0.8174871219999984,yes,MDD,d__Bacteria; p__Firmicutes_D; c__Bacilli; o__Erysipelotrichales; f__Erysipelotrichaceae; g__Dielma; s__Dielma fastidiosa, s__Dielma fastidiosa
TACGTAGGGGGCAAGCGTTATCCGGATTCACTGGGTGTAAAGGGAGCGTAGACGGCGAGGCAAGTCTGATGTGAAAACCCGGGGCTCAACCCCGTGACTGCATTGGAAACTGTTTTGCTTGAGTGCCGGAGAGGTAAGCGGAATTCCTAG,-6.469438560505009,5.278970226205002,-3.4198304136170083,1.1824078660000006,-0.1213635132364999,-0.4874401231100007,4.262997987065767,3.3670594775591187,3.312718827889209,2.1491167228381727,0.1834887525104918,0.2861092524505426,"(-14.0977, 1.56316)","(0.00738091, 12.5055)","(-9.57888, 3.03258)","(-2.71584, 5.32816)","(-0.431922, 0.142996)","(-0.963432, -0.0323429)",5.271589316205001,7.226529773794998,yes,MDD,d__Bacteria; p__Firmicutes_A; c__Clostridia_258483; o__Lachnospirales; f__Lachnospiraceae; g__UMGS1375; s__UMGS1375 sp900066615, s__UMGS1375 sp900066615
CACGTAGGGTGCAAGCGTTGTCCGGAATTACTGGGTGTAAAGGGAGCGCAGGCGGATTGGCAAGTTGGGAGTGAAATCTATGGGCTCAACCCATAAATTGCTTTCAAAACTGTCAGTCTTGAGTGGTGTAGAGGTAGGCGGAATTCCCGG,-3.520314089956502,3.4169041730500056,0.3254339018550004,1.3268514654365011,-0.2999878237990006,-0.2507496227649337,3.790882076169844,1.7218658787767729,1.4515605697643517,1.5306823864700316,0.1516023659105586,0.1692662522277294,"(-10.2351, 3.59711)","(0.21778, 6.50649)","(-2.40363, 3.17228)","(-1.6336, 4.04641)","(-0.561466, -0.0409694)","(-0.589105, 0.0377311)",3.1991241730500057,3.0895858269499947,yes,MDD,d__Bacteria; p__Firmicutes_A; c__Clostridia_258483; o__Oscillospirales; f__Ruminococcaceae; g__Ruthenibacterium; s__Ruthenibacterium lactatiformans, s__Ruthenibacterium lactatiformans
TACGTAGGGGGCAAGCGTTATCCGGATTTACTGGGTGTAAAGGGAGCGTAGACGGCATTGCAAGTCTGGAGTGAAAACCCGGGGCTCAACCCCGGGATTGCTTTGGAAACTGTGGAGCTAGAGTACCGGAGAGGCAAGTGGAATTCCTAG,-9.723762846499996,4.170806719494993,1.5007917234549977,0.1269773091900003,-0.0259004936872999,-0.1431542400391998,2.8972521710958503,1.8527478237833963,1.6066928381579495,1.6060064312274152,0.0629330539038817,0.109538412828646,"(-14.9678, -4.01912)","(0.800969, 7.69233)","(-1.51752, 4.60912)","(-2.87582, 3.28573)","(-0.146136, 0.0836285)","(-0.347158, 0.0572509)",3.369837719494993,3.521523280505007,yes,MDD,d__Bacteria; p__Firmicutes_A; c__Clostridia_258483; o__Lachnospirales; f__Lachnospiraceae; g__Lachnoclostridium_B; s__Lachnoclostridium_B sp000765215, s__Lachnoclostridium_B sp000765215
TACGTAGGGGACAAGCGTTGTCCGGAATGACTGGGCGTAAAGGGCGCGTAGGCGGTCTATTAAGTCTGATGTGAAAGGTACCGGCTCAACCGGTGAAGTGCATTGGAAACTGGTAGACTTGAGTATTGGAGAGGCAAGTGGAATTCCTAG,-10.136041426180014,5.267395892999993,-0.8851869413849999,-4.42521419166,0.0689194076186498,-0.3609355545055001,4.037795379253518,2.9824937682631667,2.1833080761070707,3.4425762140202023,0.1013736478150062,0.1916734366134786,"(-18.1097, -2.67863)","(0.477524, 11.6997)","(-4.88989, 3.3984)","(-11.3335, 1.42562)","(-0.127001, 0.26544)","(-0.722348, -0.0137986)",4.789871892999993,6.432304107000007,yes,MDD,d__Bacteria; p__Firmicutes_A; c__Clostridia_258483; o__Eubacteriales_258471; f__Eubacteriaceae_258449; g__Eubacterium_O_258270; s__, g__Eubacterium_O_258270
TACGTATGGAGCAAGCGTTATCCGGATTTACTGGGTGTAAAGGGTGCGTAGGTGGCAGTGCAAGTCAGATGTGAAAGGCCGGGGCTCAACCCCGGAGCTGCATTTGAAACTGCATAGCTAGAGTACAGGAGAGGCAGGCGGAATTCCTAG,-9.474449989999991,0.4367345312349993,0.9389407133499998,0.9352652901500008,0.00390221569515,0.0160247315551,0.5778332976328896,0.2386942728687991,0.2617424538616718,0.2721177263306908,0.0123072094458974,0.0199181527334092,"(-10.5438, -8.40012)","(0.00496145, 0.895412)","(0.449586, 1.42956)","(0.457374, 1.46437)","(-0.0194142, 0.025036)","(-0.0217558, 0.0528)",0.4317730812349993,0.4586774687650007,yes,MDD,d__Bacteria; p__Firmicutes_A; c__Clostridia_258483; o__Lachnospirales; f__Lachnospiraceae; g__Anaerobutyricum; s__Anaerobutyricum soehngenii, s__Anaerobutyricum soehngenii
TACGGAGGGTGCAAGCGTTAATCGGAATCACTGGGCGTAAAGCGCACGTAGGCGGCTTGGTAAGTCAGGGGTGAAATCCCACAGCCCAACTGTGGAACTGCCTTTGATACTGCCAGGCTTGAGTACCGGAGAGGGTGGCGGAATTCCAGG,-6.405983710000001,0.5384500384350006,-0.3065953055875008,-0.3003411298565001,0.0014315551559,-0.0003139576012099,0.6506713613927824,0.2231999487110521,0.2343739499439101,0.2494372714087804,0.0109669929184179,0.0214303229307274,"(-7.58496, -5.21824)","(0.114242, 0.940595)","(-0.770103, 0.100271)","(-0.763181, 0.138715)","(-0.0183013, 0.0233938)","(-0.043207, 0.036494)",0.4242080384350006,0.40214496156499935,yes,MDD,d__Bacteria; p__Desulfobacterota_I; c__Desulfovibrionia; o__Desulfovibrionales; f__Desulfovibrionaceae; g__Bilophila; s__Bilophila wadsworthia, s__Bilophila wadsworthia
TACGTAGGGGGCAAGCGTTATCCGGATTTACTGGGTGTAAAGGGAGCGTAGACGGAGCAGCAAGTCTGATGTGAAAGGCGGGGGCTCAACCCCCGGACTGCATTGGAAACTGTTGATCTTGAGTACCGGAGAGGTAAGCGGAATTCCTAG,-10.255328225000005,1.5121024225750006,0.6434773238515007,1.175340059456499,0.0364390689581049,-0.0376473815326999,1.8948496914890895,0.676958253990826,0.7156228825518989,0.7092443237465138,0.0368313951932886,0.065508216428891,"(-13.7961, -6.77608)","(0.200836, 2.72135)","(-0.688553, 1.96757)","(-0.186697, 2.48376)","(-0.0350336, 0.102537)","(-0.167315, 0.0764776)",1.3112664225750006,1.2092475774249996,yes,MDD,d__Bacteria; p__Firmicutes_A; c__Clostridia_258483; o__Lachnospirales; f__Lachnospiraceae; g__Blautia_A_141781; s__Blautia_A_141781 caecimuris, s__Blautia_A_141781 caecimuris
TACGTATGGTGCAAGCGTTATCCGGATTTACTGGGTGTAAAGGGAGCGTAGACGGAGAGGCAAGTCTGATGTGAAAACCCGGGGCTCAACCCCGGGACTGCATTGGAAACTGTTTTTCTAGAGTGTCGGAGAGGTAAGTGGAATTCCTAG,-8.986338754999979,1.3729131430000003,0.1511929013268999,-0.5012264778319496,0.03119082826625,-0.0734330084825,1.2471806729277437,0.4557817162973961,0.4714727389819757,0.4969003339879538,0.027647419222933,0.0545455109378451,"(-11.4307, -6.75686)","(0.460202, 2.16815)","(-0.707464, 1.03342)","(-1.38186, 0.457582)","(-0.0218225, 0.0817259)","(-0.167482, 0.0353322)",0.9127111430000003,0.7952368569999995,yes,MDD,d__Bacteria; p__Firmicutes_A; c__Clostridia_258483; o__Lachnospirales; f__Lachnospiraceae; g__Schaedlerella; s__Mediterraneibacter glycyrrhizinilyticus, s__Mediterraneibacter glycyrrhizinilyticus
TACGTAGGGGGCAAGCGTTATCCGGATTTACTGGGTGTAAAGGGAGCGTAGACGGCGAAGCAAGTCTGAAGTGAAAACCCAGGGCTCAACCCTGGGACTGCTTTGGAAACTGTTTTGCTAGAGTGTCGGAGAGGTAAGTGGAATTCCTAG,-7.846208714999985,0.6896240399994996,-0.2305478284415,0.3287773786429994,0.0318324710754999,-0.0273441971396999,0.6636327733581266,0.2487465024157702,0.267985414846375,0.2689779365417736,0.0113151273556263,0.0223090674562426,"(-9.11255, -6.6737)","(0.236822, 1.15539)","(-0.727777, 0.290349)","(-0.151669, 0.819551)","(0.00936161, 0.0521254)","(-0.0670931, 0.0165582)",0.45280203999949964,0.4657659600005003,yes,MDD,d__Bacteria; p__Firmicutes_A; c__Clostridia_258483; o__Lachnospirales; f__Lachnospiraceae; g__Enterocloster; s__Enterocloster bolteae, s__Enterocloster bolteae
AACGTAGGGTGCAAGCGTTGTCCGGAATTACTGGGTGTAAAGGGAGCGCAGGCGGATTGGCAAGTTGGGAGTGAAATCTATGGGCTCAACCCATAAATTGCTTTCAAAACTGTCAGTCTTGAGTGGTGTAGAGGTAGGCGGAATTCCCGG,-5.594577339999999,0.6261239059999989,-0.6626127445750001,-0.013374540216365,0.0098176771122749,-0.0690771819274999,0.5840168917243105,0.2096977450169005,0.2294175285394095,0.2315896387147091,0.0097651122599673,0.0220858969990143,"(-6.75055, -4.52943)","(0.226916, 1.01383)","(-1.11092, -0.254499)","(-0.428082, 0.447089)","(-0.00990734, 0.0264833)","(-0.112907, -0.0300256)",0.3992079059999989,0.3877060940000011,yes,MDD,d__Bacteria; p__Firmicutes_A; c__Clostridia_258483; o__Oscillospirales; f__Ruminococcaceae; g__Ruthenibacterium; s__Ruthenibacterium lactatiformans, s__Ruthenibacterium lactatiformans
TACGTAGGGGGCAAGCGTTATCCGGATTTACTGGGTGTAAAGGGAGCGTAGACGGCGGAGCAAGTCTGAAGTGAAAGCCCGGGGCTCAACCCCGGGACTGCTTTGGAAACTGTTCTGCTAGAGTGCTGGAGAGGTAAGTGGAATTCCTAG,-10.064928534999986,0.9777051217950016,-0.0667138136309999,-0.2889832504084498,0.044557428093,0.0440891484888,1.0427204645118486,0.3891943755338881,0.3920379459207594,0.4402360328428985,0.0192827816276085,0.0357812413974374,"(-12.1111, -8.2251)","(0.25425, 1.72271)","(-0.862594, 0.64386)","(-1.0742, 0.549944)","(0.0090944, 0.0820012)","(-0.0224755, 0.110185)",0.7234551217950016,0.7450048782049984,yes,MDD,d__Bacteria; p__Firmicutes_A; c__Clostridia_258483; o__Lachnospirales; f__Lachnospiraceae; g__Enterocloster; s__, g__Enterocloster
TACGGAGGATGCGAGCGTTATCCGGATTTATTGGGTTTAAAGGGTGCGTAGGCGGACTGTCAAGTCAGCGGTAAAATACGGGGGCTCAACCTCCGCCCGCCGTTGAAACTGACGGTCTTGAGTGGGCGAGAAGTATGCGGAATGCGTGGT,-7.795190932729989,7.675160896499998,0.2385159742450002,0.4115615840749998,-0.2247446503149999,-0.1012876796295001,4.41340618254972,3.3702648680518967,2.515956479613254,2.593195321129704,0.1178512302421046,0.1597453814267674,"(-15.7181, 0.406323)","(0.388549, 13.517)","(-4.99297, 4.77215)","(-4.25166, 5.4889)","(-0.447342, -0.00332097)","(-0.365555, 0.230737)",7.2866118964999975,5.841839103500002,yes,MDD,d__Bacteria; p__Bacteroidota; c__Bacteroidia; o__Bacteroidales; f__Muribaculaceae; g__Muribaculum; s__Muribaculum gordoncarteri, s__Muribaculum gordoncarteri
TACGTAGGTGGCAAGCGTTGTCCGGATTTACTGGGTGTAAAGGGCGTGTAGGCGGAGATGCAAGTCAGATGTGAAATCCTCGGGCTTAACCCGGGAACTGCATTTGAAACTGTATCCCTTGAGTATCGGAGAGGCAGGCGGAATTCCTAG,-8.232826854999992,0.7021739229950007,0.1557440091450002,0.7825462925400001,0.0081776310736,-0.02468853159251,0.9686724146195445,0.3258623619121741,0.3659371113951896,0.3667830070456025,0.0148299449960034,0.0326740452118744,"(-10.1656, -6.53485)","(0.119695, 1.34105)","(-0.534818, 0.854042)","(0.0867106, 1.47585)","(-0.0206199, 0.0356213)","(-0.0857491, 0.0382694)",0.5824789229950007,0.6388760770049994,yes,MDD,d__Bacteria; p__Firmicutes_A; c__Clostridia_258483; o__Oscillospirales; f__Oscillospiraceae_88309; g__Faecousia; s__Faecousia sp000434635, s__Faecousia sp000434635
TACGTAGGGAGCGAGCGTTGTCCGGATTTACTGGGTGTAAAGGGTGCGTAGGCGGGATGGCAAGTCAGATGTGAAATACCGGGGCTTAACCCCGGGGCTGCATTTGAAACTGTCGTTCTTGAGTGAAGTAGAGGCAGGCGGAATTCCTAG,-10.700581805,0.7722882490700006,-1.0579790876499997,0.1900245240519999,0.0225870456951199,0.01601755929305,1.1331666325672898,0.4138312285906431,0.4577815862398383,0.4581226947752639,0.0175866830187952,0.0365153594322556,"(-12.9, -8.70796)","(0.0773828, 1.61661)","(-1.90853, -0.170556)","(-0.65107, 1.07824)","(-0.0106146, 0.0556195)","(-0.0518126, 0.0833581)",0.6949054490700006,0.8443217509299995,yes,MDD,d__Bacteria; p__Firmicutes_A; c__Clostridia_258483; o__Oscillospirales; f__Acutalibacteraceae; g__UBA5905; s__, g__UBA5905
TACGTAGGGGGCGAGCGTTATCCGGATTCATTGGGCGTAAAGCGCGCGTAGGCGGCCGCGTAGGCGGGGGGTCAAATCCCGGGGCTCAACCCCGGTCCGCCCCCCGAACCCCGCGGCTCGGGTCCGGTAGGGGAGGGTGGAATTCCCGGT,-11.481486423099978,5.387677379899991,-0.4032214015308493,-2.4552393129099945,0.1142328633430001,-0.2842142692300005,3.909496296653248,3.09306107263174,2.2211228360590907,2.506786541178891,0.1325351442528358,0.1740919187459454,"(-19.1024, -4.43779)","(0.053967, 11.7669)","(-4.29777, 4.08382)","(-7.15784, 2.494)","(-0.104476, 0.358858)","(-0.629545, 0.027392)",5.3337103798999905,6.379222620100009,yes,MDD,d__Bacteria; p__Actinobacteriota; c__Coriobacteriia; o__Coriobacteriales; f__Coriobacteriaceae; g__Collinsella; s__Collinsella tanakaei, s__Collinsella tanakaei
TACGTAGGGGGCTAGCGTTATCCGGAATTACTGGGCGTAAAGGGTGCGTAGGTGGTTTCTTAAGTCAGAGGTGAAAGGCTACGGCTCAACCGTAGTAAGCCTTTGAAACTGGGAAACTTGAGTGCAGGAGAGGAGAGTGGAATTCCTAGT,-8.624605614999982,0.8891262641499994,-0.0387128079187,-0.8145342548450019,-0.0274084996469999,0.0935778913999999,0.7019140810438417,0.254585310565226,0.2524254886356447,0.2874498948206427,0.0134471724432047,0.018127350676217,"(-9.89728, -7.24809)","(0.42304, 1.38645)","(-0.501633, 0.433981)","(-1.35564, -0.293656)","(-0.0517157, -0.00229038)","(0.0616985, 0.129985)",0.4660862641499994,0.49732373585000056,yes,MDD,d__Bacteria; p__Firmicutes_A; c__Clostridia_258483; o__Peptostreptococcales; f__Peptostreptococcaceae_256921; g__Romboutsia_B; s__Romboutsia_B ilealis, s__Romboutsia_B ilealis
TACGTATGGAGCAAGCGTTATCCGGATTTACTGGGTGTAAAGGGTGCGTAGGCGGCACAGCAAGTCAGATGTGAAAGACCGGGGCTCAACCCCGGGGCTGCATTTGAAACTGCCGAGCTTGAGTCCGGGAGAGGCAGGCGGAATTCCTAG,-6.935504586169984,6.4881299717050025,-2.1782486551899995,-4.425023514215012,0.1299334680764,-0.5385524209300002,4.15339653907623,3.380005204508125,2.6648045257913724,3.8372711325138487,0.1386062565641993,0.2721787753731121,"(-14.2105, 1.71888)","(0.476721, 13.3191)","(-6.95544, 3.00799)","(-11.7865, 2.84711)","(-0.102429, 0.397781)","(-1.02704, -0.0599914)",6.011408971705002,6.830970028294998,yes,MDD,d__Bacteria; p__Firmicutes_A; c__Clostridia_258483; o__Lachnospirales; f__Lachnospiraceae; g__Anaerobutyricum; s__Anaerobutyricum faecale, s__Anaerobutyricum faecale
TACGTAGGGGGCGAGCGTTATCCGGATTCATTGGGCGTAAAGCGCGCGTAGGCGTCCCTTCAAGCGGCACCGTCGAAGCCGGGGGCTCAACCCCCGGAAGCGGGCCGAACTGGGGGGATCGAGTGCGGTAGGGGAAGGCGGAATTCCCGG,-9.707862531200028,3.2485147171749964,1.863598986754999,0.2910997192579996,-0.0582203388692549,-0.1171143131292,3.05584043650962,1.7713031181586607,1.6908958841498618,1.6235681325415796,0.075964594240082,0.1361496683151424,"(-15.076, -3.1358)","(0.204501, 6.9278)","(-1.62716, 4.78697)","(-3.05221, 3.24671)","(-0.199467, 0.0897032)","(-0.391157, 0.129206)",3.0440137171749964,3.679285282825004,yes,MDD,d__Bacteria; p__Actinobacteriota; c__Coriobacteriia; o__Coriobacteriales; f__Eggerthellaceae; g__Slackia_A; s__Slackia_A piriformis, s__Slackia_A piriformis
TACGTAGGGAGCGAGCGTTGTCCGGATTTACTGGGTGTAAAGGGTGCGTAGGCGGCGAGGCAAGTCAGGCGTGAAATCTATGGGCTTAACCCATAAACTGCGCTTGAAACTGTCTTGCTTGAGTGAAGTAGAGGTAGGCGGAATTCCCGG,-9.208188759999995,0.6814012766499988,-0.0376488398159999,0.7034015023152498,-0.01817869893765,0.0526863357334999,0.7592049400437036,0.2871004602775308,0.3127953469947855,0.3141649176012668,0.0130326359140897,0.0275815509199033,"(-10.6051, -7.80952)","(0.134626, 1.21157)","(-0.635874, 0.512556)","(0.0988625, 1.26007)","(-0.0415708, 0.00620035)","(0.000496449, 0.102743)",0.5467752766499988,0.5301687233500012,yes,MDD,d__Bacteria; p__Firmicutes_A; c__Clostridia_258483; o__Oscillospirales; f__Acutalibacteraceae; g__Clostridium_A; s__Clostridium_A leptum, s__Clostridium_A leptum
TACGTAGGTGGCAAGCGTTATCCGGATTTACTGGGTGTAAAGGGCGTGTAGGCGGGACTGCAAGTCAGATGTGAAAATTATGGGCTCAACCCATAACCTGCATTTGAAACTGTAGTTCTTGAGTGCTGGAGAGGCAATCGGAATTCCGTG,-9.065382183,2.4286890320999976,-2.6135513280999985,-0.4283476712668502,0.1112530872759998,-0.2126329399389997,2.8850686838761326,1.3496884720372748,1.48990007187374,1.4738989027188356,0.0751869918501365,0.1138308176145425,"(-13.7887, -3.09062)","(0.0252239, 5.14908)","(-5.81881, -0.0792142)","(-3.03315, 2.40856)","(-0.0100104, 0.257558)","(-0.432259, -0.00499217)",2.403465132099998,2.720390967900002,yes,MDD,d__Bacteria; p__Firmicutes_A; c__Clostridia_258483; o__Oscillospirales; f__Oscillospiraceae_88309; g__Enterenecus; s__, g__Enterenecus
TACGTAGGGGGCAAGCGTTATCCGGATTTACTGGGTGTAAAGGGAGCGTAGACGGTAAAGCAAGTCTGAAGTGAAAGCCCGGGGCTCAACCCCGGGACTGCTTTGGAAACTGTTTAACTAGAGTGCTGGAGAGGTAAGCGGAATTCCTAG,-8.20578390000001,0.4801199279300006,0.3843753607185003,-0.1374971046446998,-0.0179476630192,0.0791681593999997,0.4940548997080086,0.1917654274517391,0.1971625164653123,0.2113774160666408,0.0095824475781271,0.0174106274553449,"(-9.07496, -7.22447)","(0.136068, 0.854702)","(0.0162675, 0.741142)","(-0.525029, 0.250312)","(-0.0351068, 0.000927964)","(0.0467976, 0.111876)",0.3440519279300006,0.3745820720699994,yes,MDD,d__Bacteria; p__Firmicutes_A; c__Clostridia_258483; o__Lachnospirales; f__Lachnospiraceae; g__Clostridium_Q_135822; s__Clostridium_Q_135822 fessum, s__Clostridium_Q_135822 fessum
TACGTAGGGGGCAAGCGTTATCCGGATTTACTGGGTGTAAAGGGAGCGTAGACGGTTTAGCAAGTCTGAAGTGAAAGCCCGGGGCTCAACCCCGGTACTGCTTTGGAAACTGTTAGACTTGAGTGCAGGAGAGGTAAGTGGAATTCCTAG,-8.221788140000001,1.1609375239850015,-0.5362003200139991,0.6443669521769995,0.02743058868348,-0.0653709489209999,1.522611355664322,0.5170798885389838,0.5857680129831098,0.5902440366661579,0.025366949225837,0.0563564275650688,"(-10.9285, -5.23384)","(0.174175, 2.10717)","(-1.5815, 0.558932)","(-0.449321, 1.71783)","(-0.0173909, 0.076995)","(-0.171294, 0.0419875)",0.9867625239850015,0.9462324760149985,yes,MDD,d__Bacteria; p__Firmicutes_A; c__Clostridia_258483; o__Lachnospirales; f__Lachnospiraceae; g__Hungatella_A_128155; s__Hungatella_A_128155 hathewayi, s__Hungatella_A_128155 hathewayi
TACGTAGGGGGCAAGCGTTATCCGGATTTACTGGGTGTAAAGGGAGCGTAGACGGTGTGGCAAGTCTGATGTGAAAGGCATGGGCTCAACCTGTGGACTGCATTGGAAACTGTCATACTTGAGTGCCGGAGGGGTAAGCGGAATTCCTAG,-6.200257229999984,0.4338287474699999,0.7230800120000007,-0.0472257238965,-0.0170671985364499,0.0306036182735,0.4094461675549388,0.1680519666837594,0.1676190296552985,0.1851697724004667,0.0075476044084108,0.0140191467253006,"(-6.99935, -5.46908)","(0.112217, 0.73791)","(0.411272, 1.03811)","(-0.36981, 0.306397)","(-0.0303525, -0.00272015)","(0.00341395, 0.0562299)",0.3216117474699999,0.30408125253000007,yes,MDD,d__Bacteria; p__Firmicutes_A; c__Clostridia_258483; o__Lachnospirales; f__Lachnospiraceae; g__Blautia_A_141781; s__Blautia_A_141781 wexlerae, s__Blautia_A_141781 wexlerae
TACGTAGGGGGCGAGCGTTATCCGGATTCATTGGGCGTAAAGCGCGCGTAGGCGGCCCGGCAGGCAGGGGGTCAAATGGCGGGGCTCAACCCCGTCCCGCCCCCTGAACCGCCGGGCTCGGGTCCGGTAGGGGAGGGTGGAACACCCGGT,-10.803860080000003,1.6067171498299972,1.398633248330003,0.7984862405154998,-0.0315008635051999,0.01247983607495,1.8205526779116548,0.7670012290923959,0.8057149694984498,0.8591117174240066,0.0387655450536159,0.0597310937319796,"(-14.3412, -7.38028)","(0.128547, 2.99697)","(-0.0415751, 2.93859)","(-0.759269, 2.44538)","(-0.105269, 0.0432281)","(-0.0972277, 0.124566)",1.4781701498299973,1.3902528501700029,yes,MDD,d__Bacteria; p__Actinobacteriota; c__Coriobacteriia; o__Coriobacteriales; f__Coriobacteriaceae; g__Collinsella; s__Collinsella intestinalis, s__Collinsella intestinalis
