Feature,Intercept_mean,N06A_Antidepressants[T.True]_mean,Gender[T.Male]_mean,cobre[T.Yes]_mean,Age_mean,InBody_BMI_mean,Intercept_std,N06A_Antidepressants[T.True]_std,Gender[T.Male]_std,cobre[T.Yes]_std,Age_std,InBody_BMI_std,Intercept_hdi,N06A_Antidepressants[T.True]_hdi,Gender[T.Male]_hdi,cobre[T.Yes]_hdi,Age_hdi,InBody_BMI_hdi,lower,upper,significant,direction,full_taxonomy,taxonomy
TACGTAGGTGGCAAGCGTTGTCCGGATTTACTGGGTGTAAAGGGCGTGTAGGCGGGAGAGCAAGTCAGAAGTGAAATCTATGGGCTTAACCCATAAACTGCTTTTGAAACTGTTCTTCTTGAGTATCGGAGAGGCAGGCGGAATTCCTAG,-9.942410994999996,-0.983718325345,1.10991669283,0.5416077231243007,0.0305428808975999,0.0023371149507449,1.1850625653374005,0.3867098637107328,0.459365534154797,0.4971596284871094,0.0184394602369089,0.0387982210804618,"(-12.1993, -7.7445)","(-1.73578, -0.277649)","(0.251597, 1.95809)","(-0.344293, 1.50663)","(-0.00381745, 0.0663367)","(-0.0687517, 0.0747888)",0.7520616746550001,0.7060693253450001,yes,Unmedicated MDD,d__Bacteria; p__Firmicutes_A; c__Clostridia_258483; o__Oscillospirales; f__Oscillospiraceae_88309; g__Faecousia; s__Faecousia sp000434635, s__Faecousia sp000434635
TACGTAGGGGGCAAGCGTTATCCGGATTTACTGGGTGTAAAGGGAGCGCAGGCGGCATGATAAGTCTGATGTGAAAACCCAAGGCTCAACCATGGGACTGCATTGGAAACTGTCGTGCTGGAGTGTCGGAGAGGTAAGCGGAATTCCTAG,-9.188896629999986,-1.2018113669999988,0.2273015949827997,1.2087216255315014,0.0368366019937499,-0.01637589400845,0.812655101549632,0.3182582768100339,0.3856451017893681,0.3932763552105062,0.0163427344687613,0.0304394378612716,"(-10.6203, -7.62645)","(-1.79497, -0.587514)","(-0.482316, 0.952845)","(0.524904, 1.96777)","(0.00576868, 0.065337)","(-0.0748704, 0.037857)",0.5931586330000012,0.6142973669999988,yes,Unmedicated MDD,d__Bacteria; p__Firmicutes_A; c__Clostridia_258483; o__Lachnospirales; f__Lachnospiraceae; g__Eubacterium_J; s__Eubacterium_J plexicaudatum, s__Eubacterium_J plexicaudatum
TACGAAGGGTGCAAGCGTTAATCGGAATTACTGGGCGTAAAGCGCGCGTAGGTGGTTCAGCAAGTTGGATGTGAAATCCCCGGGCTCAACCTGGGAACTGCATCCAAAACTACTGAGCTAGAGTACGGTAGAGGGTGGTGGAATTTCCTG,-6.534810497450011,-2.5816597743,-0.9114022103209994,0.0229592551355,0.0232434236459,-0.084751153716,2.088792578228091,1.2220178354017466,1.4515160535106983,1.6633977049863866,0.058451326744851,0.0839370737756546,"(-9.91235, -1.94182)","(-5.03944, -0.467335)","(-3.58916, 1.66968)","(-2.92128, 3.03323)","(-0.0928286, 0.134035)","(-0.234365, 0.0765003)",2.4577802257,2.1143247743,yes,Unmedicated MDD,d__Bacteria; p__Proteobacteria; c__Gammaproteobacteria; o__Pseudomonadales_650611; f__Pseudomonadaceae; g__Pseudomonas_E_650326; s__Pseudomonas_E_650326 aeruginosa_A, s__Pseudomonas_E_650326 aeruginosa_A
TACGTAGGGTGCGAGCGTTGTCCGGAATTACTGGGCGTAAAGAGCTCGTAGGTGGTCTGTCGCGTCATTTGTGAAAGCCCGGGGCTTAACTCCGGGTTGGCAGGTGATACGGGCATGACTGGAGTACTGTAGGGGAGACTGGAATTCCTG,-9.254372478000006,-2.763998834255001,-3.99721227685,-3.2048610084499995,-0.0063290481458799,0.05879182897205,3.388556364477532,1.244634497739963,1.6892067552640004,1.8667768960507445,0.0543311622601647,0.116674902074698,"(-15.836, -3.21063)","(-4.99428, -0.399715)","(-7.1844, -0.867782)","(-7.05523, 0.067149)","(-0.104785, 0.0973931)","(-0.153239, 0.273707)",2.230281165744999,2.364283834255001,yes,Unmedicated MDD,d__Bacteria; p__Actinobacteriota; c__Actinomycetia; o__Mycobacteriales; f__Mycobacteriaceae; g__Corynebacterium; s__Corynebacterium kroppenstedtii, s__Corynebacterium kroppenstedtii
TACAGAGGTCTCAAGCGTTGTTCGGAATCACTGGGCGTAAAGCGTGCGTAGGCTGTTTCGTAAGTCGTGTGTGAAAGGCGCGGGCTCAACCCGCGGACGGCACATGATACTGCGAGACTAGAGTAATGGAGGGGGAACCGGAATTCTCGG,-3.2763775468499965,-0.982190665160001,-0.2036014674044998,0.3307886229195007,0.0329302381155499,-0.0785326462819999,1.2602022354685685,0.4517868049119919,0.5300996541139893,0.5765282529585871,0.0217485365856712,0.0428327400919952,"(-5.62204, -1.00565)","(-1.82721, -0.117124)","(-1.14722, 0.822864)","(-0.655971, 1.47884)","(-0.00803312, 0.073053)","(-0.157259, 0.00356986)",0.845019334839999,0.865066665160001,yes,Unmedicated MDD,d__Bacteria; p__Verrucomicrobiota; c__Verrucomicrobiae; o__Verrucomicrobiales; f__Akkermansiaceae; g__Akkermansia; s__Akkermansia muciniphila_D_776786, s__Akkermansia muciniphila_D_776786
TACGTAGGTGGCAAGCGTTGTCCGGAATTACTGGGTGTAAAGGGAGCGTAGGCGGGGCGGCAAGCAAAATGTGAAACTGATCGGCTCAACCGGTCATTGCGTTTTGAACTGTCGCTCTTGAGTGGAGTAGAGGCAGGCGGAATTCCTAGT,-13.72840765500001,-3.0401300613999966,-0.03372702437,0.1607813845950001,0.02188251854985,0.06169111694575,2.811282179230761,1.5631177808407826,1.5342863519653878,1.549540080480353,0.0692727528234125,0.1118210001234118,"(-19.3743, -8.6982)","(-5.94477, -0.0419115)","(-2.83613, 2.91128)","(-2.49787, 3.21295)","(-0.0919576, 0.158986)","(-0.153163, 0.263246)",2.9046399386000035,2.9982185613999968,yes,Unmedicated MDD,d__Bacteria; p__Firmicutes_A; c__Clostridia_258483; o__Oscillospirales; f__Ethanoligenenaceae; g__; s__, f__Ethanoligenenaceae
TACGTAGGTGACAAGCGTTGTCCGGATTTACTGGGTGTAAAGGGCGCGTAGGCGGACTGTCAAGTCAGTCGTGAAATACCGGGGCTTAACCCCGGGGCTGCGATTGAAACTGACAGCCTTGAGTATCGGAGAGGAAAGCGGAATTCCTAG,-6.991087930000005,-0.4330115924865004,-0.03282493854135,0.5273326211500005,-0.0175080496500799,0.017356494249145,0.5624876249781103,0.1899727453762605,0.21328646022549,0.2282338577757344,0.0090481496632737,0.0180904172271372,"(-8.11861, -6.00289)","(-0.804611, -0.0942504)","(-0.44275, 0.359998)","(0.110355, 0.958545)","(-0.0353528, -0.001536)","(-0.016265, 0.0514689)",0.37159940751349957,0.3387611924865004,yes,Unmedicated MDD,d__Bacteria; p__Firmicutes_A; c__Clostridia_258483; o__UBA1381; f__UBA1381; g__CAG-41; s__CAG-41 sp001941225, s__CAG-41 sp001941225
TACGGAGGATTCAAGCGTTATCCGGATTTATTGGGTTTAAAGGGTGCGTAGGCGGTTTGATAAGTTAGAGGTGAAATTTCGGGGCTCAACCCTGAACGTGCCTCTAATACTGTTGAGCTAGAGAGTAGTTGCGGTAGGCGGAATGTATGG,-4.0883887199999975,-0.6236921503500005,-0.2588826996950001,0.3680986505744999,-0.0027936884859649,-0.008307825204315,0.6623880064015063,0.229651828919869,0.2570630901131463,0.2636229888693113,0.0108519530717241,0.021728817428349,"(-5.40677, -2.9308)","(-1.07186, -0.205928)","(-0.719353, 0.238264)","(-0.124208, 0.880061)","(-0.0227365, 0.0184077)","(-0.0482514, 0.0306062)",0.44816784964999956,0.4177641503500005,yes,Unmedicated MDD,d__Bacteria; p__Bacteroidota; c__Bacteroidia; o__Bacteroidales; f__Rikenellaceae; g__Alistipes_A_871400; s__Alistipes_A_871400 putredinis, s__Alistipes_A_871400 putredinis
TACGGAGGATCCGAGCGTTATCCGGATTTATTGGGTTTAAAGGGTGCGTAGGCTGTTTTTTAAGTTAGAGGTGAAAGCTCGACGCTCAACGTCGAAATTGCCTCTGATACTGAGAGACTAGAGTGTAGTTGCGGAAGGCGGAATGTGTGG,-8.757831034999992,-0.964243568423501,0.4394120392115002,0.485112071177499,0.0361209539060499,-0.0188705789773999,1.183294607148229,0.4263841059345094,0.5184193937948127,0.516859572831782,0.0183901087407626,0.0345736497571566,"(-10.9413, -6.59264)","(-1.79072, -0.174962)","(-0.534691, 1.35122)","(-0.426443, 1.54868)","(0.0030114, 0.0723914)","(-0.0823819, 0.0466234)",0.8264764315764991,0.7892815684235011,yes,Unmedicated MDD,d__Bacteria; p__Bacteroidota; c__Bacteroidia; o__Bacteroidales; f__Rikenellaceae; g__Alistipes_A_871404; s__Alistipes_A_871404 ihumii, s__Alistipes_A_871404 ihumii
TACGTAGGTGGCAAGCGTTATCCGGATTTATTGGGTGTAAAGGGCGTGTAGGCGGGATTGCAAGTCAGATGTGAAAACTGGGGGCTCAACCTCCAGCCTGCATTTGAAACTGTAGTTCTTGAGTGTCGGAGAGGCAATCGGAATTCCGTG,-7.759985399999996,-0.8385408866049987,-1.2960915751750004,0.3499276238520003,0.0151472021226,-0.06699235219125,1.1459505006740198,0.3606166315852266,0.4656836467861939,0.4236614113835637,0.0202286853827897,0.0346525039882816,"(-10.0182, -5.69343)","(-1.49675, -0.169679)","(-2.12946, -0.404761)","(-0.438142, 1.15352)","(-0.0237613, 0.0507287)","(-0.127144, 0.00500442)",0.6582091133950013,0.6688618866049987,yes,Unmedicated MDD,d__Bacteria; p__Firmicutes_A; c__Clostridia_258483; o__Oscillospirales; f__Oscillospiraceae_88309; g__Enterenecus; s__Enterenecus faecium, s__Enterenecus faecium
TACGTATGGAGCAAGCGTTATCCGGATTTACTGGGTGTAAAGGGAGTGTAGGTGGCATCACAAGTCAGAAGTGAAAGCCCGGGGCTCAACCCCGGGACTGCTTTTGAAACTGTGGAGCTGGAGTGCAGGAGAGGCAAGTGGAATTCCTAG,-6.579221689999996,-0.6372875553034996,0.1015145045165002,0.3847339104649994,-0.02974355833755,0.01854538166495,0.8382630747667125,0.3198645586299197,0.3716914198208392,0.3867593515266952,0.0159846406109739,0.0294195337568064,"(-8.18692, -5.03144)","(-1.21505, -0.0377885)","(-0.545579, 0.875701)","(-0.331769, 1.1076)","(-0.056894, 0.00227353)","(-0.0365535, 0.0727876)",0.5777624446965004,0.5994990553034996,yes,Unmedicated MDD,d__Bacteria; p__Firmicutes_A; c__Clostridia_258483; o__Lachnospirales; f__Lachnospiraceae; g__Lachnospira; s__Lachnospira sp000437735, s__Lachnospira sp000437735
TACGTAGGGGGCAAGCGTTATCCGGATTTACTGGGTGTAAAGGGAGCGCAGACGGCTGTGCAAGTCTGAAGTGAAAGCCCGCGGCTCAACTGCGGGATTGCTTTGGAAACTGTGCGGCTTGAGTATCGGAGAGGTAAGCGGAATTCCAAG,-15.62072401500001,-3.619928725200003,-0.4418704462359999,-1.1294344700710015,-0.2637461341500006,0.4305365888500009,3.395696846614889,1.6289405917272122,1.3952496700203585,1.5883626659016896,0.1149967741713004,0.1487808638971101,"(-22.0402, -9.31835)","(-6.95601, -0.812805)","(-3.05452, 2.17686)","(-4.22117, 1.85158)","(-0.498448, -0.096332)","(0.171019, 0.708578)",3.336081274799997,2.807123725200003,yes,Unmedicated MDD,d__Bacteria; p__Firmicutes_A; c__Clostridia_258483; o__Lachnospirales; f__Lachnospiraceae; g__Bilifractor; s__, g__Bilifractor
TACGTAGGGAGCGAGCGTTGTCCGGATTTACTGGGTGTAAAGGGTGCGTAGGCGGGATGGCAAGTCAGATGTGAAATACCGGGGCTTAACTCCGGGGCTGCATTTGAAACTGTCGTTCTTGAGTGAAGTAGAGGCAGGCGGAATTCCTAG,-9.436534850000015,-0.6910331508499995,0.1222993622349999,0.039092224028,-0.00449240841118,0.00107888541275,0.9650639549183658,0.3537301703344157,0.4112283441988223,0.4213346757311624,0.0161033390415812,0.0303773647023087,"(-11.1977, -7.60126)","(-1.33595, -0.0311444)","(-0.660047, 0.890809)","(-0.677223, 0.859948)","(-0.0332859, 0.0277926)","(-0.0596452, 0.0565356)",0.6449168491500005,0.6598887508499995,yes,Unmedicated MDD,d__Bacteria; p__Firmicutes_A; c__Clostridia_258483; o__Oscillospirales; f__Acutalibacteraceae; g__UBA5905; s__, g__UBA5905
TACGTAGGGGGCAAGCGTTATCCGGATTTACTGGGTGTAAAGGGAGCGTAGACGGACGGGCAAGTCTGATGTGAAAGCCCGGGGCTTAACCCCGGGACTGCATTGGAAACTGTCCATCTTGAGTGCCGGAGAGGTAAGCGGAATTCCTAG,-10.724733159999976,-1.923561239195,2.522943404799997,0.6940181106184996,-0.02976607480502,0.0530023409010001,2.3790348487689754,0.904960830976988,1.0085605100507282,1.117895531346656,0.0415760953581022,0.0760250854282837,"(-15.2039, -6.20655)","(-3.59749, -0.234911)","(0.56048, 4.34898)","(-1.34947, 2.81187)","(-0.108595, 0.0486619)","(-0.0911517, 0.200916)",1.673928760805,1.688650239195,yes,Unmedicated MDD,d__Bacteria; p__Firmicutes_A; c__Clostridia_258483; o__Lachnospirales; f__Lachnospiraceae; g__Blautia_A_141780; s__Blautia_A_141780 argi, s__Blautia_A_141780 argi
AACGTAGGGTGCAAGCGTTGTCCGGAATTACTGGGTGTAAAGGGAGCGCAGGCGGACCGGCAAGTTGGAAGTGAAATCCATGGGCTCAACCCGTGAATTGCTTTCAAAACTGCTGGCCTTGAGTAGTGCAGAGGTAGGTGGAATTCCCGG,-7.184643754999997,-0.9519450697149996,1.3927522294099992,0.5090022376250002,-0.012419771883075,-0.0398668066078944,1.3679501752156933,0.4592652305791809,0.582818591202779,0.5691994517844537,0.0180895630057965,0.0400392263942059,"(-9.56473, -4.40721)","(-1.75025, -0.0358507)","(0.329235, 2.52885)","(-0.521329, 1.57084)","(-0.045814, 0.0214993)","(-0.111051, 0.0422636)",0.7983049302850005,0.9160943697149996,yes,Unmedicated MDD,d__Bacteria; p__Firmicutes_A; c__Clostridia_258483; o__Oscillospirales; f__Ruminococcaceae; g__Gemmiger_A_73129; s__, g__Gemmiger_A_73129
TACGTAGGTGGCGAGCGTTGTTCGGATTTATTGGGCGTAAAGGGTCTGTAGGAGGTTCGTTAAATACGAGGTGAAATCCCGAAGCTCAACTTCGGAACTGCCTTGTAGACTGACGGACTAGAGTACCGGAGAGGTAAGCGGAATACCAGG,-5.94683922276499,-2.1449030447499995,-0.080665041678,-1.119480029234502,0.01226930767574,-0.1363871908035001,2.290730155139626,1.047618943597666,1.143743696259781,1.2488860756912037,0.044480103047045,0.0944759187101768,"(-9.89296, -1.39532)","(-4.17449, -0.194431)","(-2.11067, 2.13876)","(-3.42248, 1.12759)","(-0.0694831, 0.0942222)","(-0.3195, 0.0436214)",2.02958695525,1.9504720447499995,yes,Unmedicated MDD,d__Bacteria; p__Verrucomicrobiota; c__Lentisphaeria; o__Victivallales; f__Victivallaceae; g__Victivallis; s__Victivallis lenta, s__Victivallis lenta
TACAGAGGTCTCAAGCGTTGTTCGGAATCACTGGGCGTAAAGCGTGCGTAGGCGGTTTCGTAAGTCGTGTGTGAAAGGCGGGGGCTCAACCCCCGGACTGCACATGATACTGCGAGACTAGAGTAATGGAGGGGGAACCGGAATTCTCGG,-8.049007040000001,-2.0434016753550024,-2.2792264386500016,-0.2289628384500003,0.0276620413145,0.1108438153086498,1.8636417276623565,0.8045562647341864,0.7742468706230663,0.7902059960555735,0.0323643514198283,0.0635281026417604,"(-11.6003, -4.56488)","(-3.57308, -0.564565)","(-3.76504, -0.934949)","(-1.75941, 1.18085)","(-0.0314688, 0.0888416)","(-0.00603725, 0.229864)",1.5296783246449976,1.4788366753550024,yes,Unmedicated MDD,d__Bacteria; p__Verrucomicrobiota; c__Verrucomicrobiae; o__Verrucomicrobiales; f__Akkermansiaceae; g__Akkermansia; s__Akkermansia muciniphila_D_776786, s__Akkermansia muciniphila_D_776786
TACGTAGGTGGCAAGCGTTGTCCGGATTTACTGGGTGTAAAGGGCGTGCAGCCGGGCTGGCAAGTCAGGCGTGAAATCCCAGGGCTCAACCCTGGAACTGCGTTTGAAACTGCTGGTCTTGAGTACCGGAGAGGTCATCGGAATTCCTTG,-8.354631664999996,-0.4401181939000006,-0.1304212149575002,0.2735846177450996,0.000584409246905,-0.00472040830297,0.5660047341770889,0.1938628546848989,0.2366764118003402,0.2400875249027572,0.0093495689886446,0.0189985324977893,"(-9.41922, -7.33567)","(-0.794066, -0.0891613)","(-0.540281, 0.357333)","(-0.205145, 0.715872)","(-0.0184592, 0.0163825)","(-0.0394543, 0.0320877)",0.35394780609999943,0.3509568939000006,yes,Unmedicated MDD,d__Bacteria; p__Firmicutes_A; c__Clostridia_258483; o__Oscillospirales; f__Oscillospiraceae_88309; g__Dysosmobacter; s__Dysosmobacter welbionis, s__Dysosmobacter welbionis
TACGTAGGGGGCAAGCGTTATCCGGATTTACTGGGTGTAAAGGGAGCGCAGACGGCGATGCAAGTCTGGAGTGAAAGCCCGGGGCTCAACCCCGGGACTGCTTTGGAAACTGTATGGCTAGAGTGCTGGAGAGGCAAGCGGAATTCCTAG,-7.487775860000004,-0.5815595641299999,0.6274534683249999,0.3616889730000002,-0.00589918228436,0.0109119677621149,0.6322279177755126,0.2156034564252843,0.239515559559788,0.2482934866343957,0.0100281773928988,0.0200068775046364,"(-8.58724, -6.27133)","(-0.983997, -0.162513)","(0.181432, 1.06679)","(-0.117132, 0.816786)","(-0.0250599, 0.012909)","(-0.0243562, 0.0502237)",0.40243743587000014,0.41904656412999985,yes,Unmedicated MDD,d__Bacteria; p__Firmicutes_A; c__Clostridia_258483; o__Lachnospirales; f__Lachnospiraceae; g__Enterocloster; s__Enterocloster sp000431375, s__Enterocloster sp000431375
AACGTAGGTCACAAGCGTTGTCCGGAATTACTGGGTGTAAAGGGAGCGCAGGCGGGCGATCAAGTTGGAAGTGAAATCCATGGGCTCAACCCATGAACTGCTTTCAAAACTGGTCGTCTTGAGTAGTGCAGAGGTAGGCGGAATTCCCGG,-5.495690110000015,-0.6612966537450002,0.2894475904370001,0.7217007259999981,-0.02719503359295,-0.0016248098137045,0.8273437662532958,0.3320400271057873,0.3776067342769086,0.3771862153718155,0.0146445007423465,0.0260918412202811,"(-7.00427, -3.90185)","(-1.30761, -0.0407303)","(-0.423791, 0.964548)","(0.00652162, 1.44362)","(-0.0543635, 0.000166472)","(-0.0520916, 0.0463075)",0.6463133462549997,0.6205663537450002,yes,Unmedicated MDD,d__Bacteria; p__Firmicutes_A; c__Clostridia_258483; o__Oscillospirales; f__Ruminococcaceae; g__Faecalibacterium; s__Faecalibacterium prausnitzii_C_71358, s__Faecalibacterium prausnitzii_C_71358
AACGTAGGTCACAAGCGTTGTCCGGAATTACTGGGTGTAAAGGGAGCGCAGGCGGGAAGACAAGTTGGAAGTGAAATCTATGGGCTCAACCCATAAACTGCTTTCAAAACTGTTTTTCTTGAGTAGTGCAGAGGTAGGCGGAATTCCCGG,-2.8141569050000026,-0.3346037518565003,0.0345027870085,0.198303730708,-0.028160498185,0.01261042981302,0.4475358389220585,0.1764330478754496,0.1999404557981515,0.2064106338370987,0.0083692642256541,0.014635975142164,"(-3.69013, -1.9991)","(-0.669029, -0.0123855)","(-0.327362, 0.4192)","(-0.206077, 0.583896)","(-0.0433948, -0.0122293)","(-0.0140926, 0.0390434)",0.33442524814349966,0.3222182518565003,yes,Unmedicated MDD,d__Bacteria; p__Firmicutes_A; c__Clostridia_258483; o__Oscillospirales; f__Ruminococcaceae; g__Faecalibacterium; s__Faecalibacterium prausnitzii_C_71351, s__Faecalibacterium prausnitzii_C_71351
TACGTAGGGGGCAAGCGTTATCCGGATTTACTGGGTGTAAAGGGAGCGTAGACGGTTTTGCAAGTCTGAAGTGAAAGCCCGGGGCTTAACCCCGGGACTGCTTTGGAAACTGTAGGACTAGAGTGCAGGAGAGGTAAGTGGAATTCCTAG,-7.197092670000004,-0.7652096114650007,0.3839846174522499,1.011908520015002,-0.0142424392285,0.03280463676765,0.9410289011392642,0.2832614576617368,0.3334643538832565,0.3520071632773427,0.0141753964264407,0.0277725481626426,"(-8.86819, -5.3461)","(-1.32143, -0.254471)","(-0.258065, 1.00827)","(0.283849, 1.60619)","(-0.0412156, 0.011344)","(-0.0180814, 0.0839023)",0.5562203885349994,0.5107386114650007,yes,Unmedicated MDD,d__Bacteria; p__Firmicutes_A; c__Clostridia_258483; o__Lachnospirales; f__Lachnospiraceae; g__Acetatifactor; s__Acetatifactor sp900066565, s__Acetatifactor sp900066565
TACGTAGGTGGCAAGCGTTGTCCGGATTTACTGGGTGTAAAGGGCGTGTAGCCGGGAAGGCAAGTCAGATGTGAAATCCACGGGCTTAACTCGTGAACTGCATTTGAAACTACTTTTCTTGAGTATCGGAGAGGCAATCGGAATTCCTAG,-4.6481191750000015,-1.096426699530001,-1.2822752501505017,0.8039946544245001,-0.03415640457423,-0.007901533585905,1.5860559354372878,0.5573470185017597,0.6830256881945838,0.6714409036335847,0.0223221490977591,0.047315187400468,"(-7.59464, -1.7739)","(-2.16406, -0.0586901)","(-2.49382, 0.0454731)","(-0.415739, 2.01211)","(-0.0737585, 0.00784518)","(-0.100109, 0.0731744)",1.0676333004699992,1.037736599530001,yes,Unmedicated MDD,d__Bacteria; p__Firmicutes_A; c__Clostridia_258483; o__Oscillospirales; f__Oscillospiraceae_88309; g__Vescimonas; s__, g__Vescimonas
TACGTAGGTGGCAAGCGTTGTCCGGATTTACTGGGTGTAAAGGGCGTGTAGCCGGGTGTGCAAGTCAGATGTGAAATCTGGAGGCTCAACCTCCAAACTGCATTTGAAACTGTGCATCTTGAGTATCGGAGAGGTAATCGGAATTCCTTG,-9.052212194400004,-4.550108627400002,-0.187498990243285,-3.059706595240004,0.1850192396365,-0.3406729635449998,2.9477824380951274,1.8884530025139576,1.8397552311596057,2.2665152085443427,0.0910409333862363,0.13409256896083,"(-14.6445, -3.51249)","(-8.37445, -1.40693)","(-3.29728, 3.40966)","(-7.37588, 0.886603)","(0.0280803, 0.354722)","(-0.593629, -0.101286)",3.8243413725999975,3.143178627400002,yes,Unmedicated MDD,d__Bacteria; p__Firmicutes_A; c__Clostridia_258483; o__Oscillospirales; f__Oscillospiraceae_88309; g__; s__, f__Oscillospiraceae_88309
TACGTAGGTGGCAAGCGTTGTCCGGATTTACTGGGTGTAAAGGGCGTGTAGGCGGAGATGCAAGTCAGAAGTGAAATCCATGGGCTTAACCCATGAACTGCTTTTGAAACTGTATCCCTTGAGTATCGGAGAGGCAGGCGGAATTCCTAG,-11.841644754999995,-2.0907422083400005,-0.2750852424739998,-1.8372899795134967,-0.04189738590415,0.1171715050644999,2.4662128361361333,1.074049379910062,1.1881963363715966,1.6748649424774626,0.0475141459586697,0.1078213465095082,"(-16.3183, -7.27899)","(-4.16162, -0.0289958)","(-2.4815, 1.85259)","(-5.01719, 1.31664)","(-0.128955, 0.0522759)","(-0.0803569, 0.31533)",2.0708777916599996,2.0617464083400003,yes,Unmedicated MDD,d__Bacteria; p__Firmicutes_A; c__Clostridia_258483; o__Oscillospirales; f__Oscillospiraceae_88309; g__Faecousia; s__Faecousia sp000434635, s__Faecousia sp000434635
TACGTAGGGGGCAAGCGTTATCCGGATTTACTGGGTGTAAAGGGAGCGTAGACGGTCAAGCAAGTCAGAAGTGAAAGGCTGGGGCTCAACCCCGGGACTGCTTTTGAAACTGTTTGACTGGAGTGCTGGAGAGGTAAGCGGAATTCCTAG,-8.051205930000004,-0.4232021310449992,0.2538243173399996,0.3330928330716495,-0.0060496831000499,-0.00084630967615,0.6628215234928144,0.2332337040537514,0.2741246915202839,0.2817675769777691,0.0113251933530678,0.0210011355183095,"(-9.27526, -6.80155)","(-0.881549, -0.00513375)","(-0.289248, 0.728442)","(-0.179387, 0.893359)","(-0.028289, 0.0141671)","(-0.042428, 0.0364674)",0.4583468689550008,0.4180683810449992,yes,Unmedicated MDD,d__Bacteria; p__Firmicutes_A; c__Clostridia_258483; o__Lachnospirales; f__Lachnospiraceae; g__Porcincola; s__, g__Porcincola
TACGGAGGATTCAAGCGTTATCCGGATTTATTGGGTTTAAAGGGTGCGTAGGCGGTTTGATAAGTTAGAGGTGAAATGTTAGGGCTCAACCCTGAAACTGCCTCTAATACTGTTGGACTAGAGAGTAGTTGCGGTAGGCGGAATGTATGG,-7.434250636265002,-4.95791859005,1.2473666796299996,1.9865594907750013,0.0655375914195,-0.0848714317443999,3.10390419571108,1.7293700941263446,1.850799322278468,1.9800910080660463,0.095230627051566,0.1609786042026299,"(-13.1789, -1.30729)","(-8.2557, -1.76167)","(-2.06421, 4.75232)","(-1.55208, 5.60731)","(-0.11937, 0.235361)","(-0.373991, 0.239129)",3.297781409949999,3.19624859005,yes,Unmedicated MDD,d__Bacteria; p__Bacteroidota; c__Bacteroidia; o__Bacteroidales; f__Rikenellaceae; g__Alistipes_A_871400; s__Alistipes_A_871400 putredinis, s__Alistipes_A_871400 putredinis
TACGTAGGGAGCAAGCGTTGTCCGGAATTACTGGGTGTAAAGGGAGCGTAGGCGGGAACGCAAGTTGGAAGTGAAAGGCATGGGCTCAACCCATGGAATGCTTTCAAAACTGTGTTTCTTGAGTGAAGTAGAGGCAGGCGGAATTCCTAG,-9.160079830150009,-3.0371703027000017,0.3310252340850002,0.3412547727295003,-0.0214437930229,-0.0031886263554899,3.782601150464372,1.5112879079720636,1.5956279159036653,1.6647249033262348,0.059258892772599,0.1389931347698441,"(-16.0245, -1.8211)","(-6.01515, -0.447973)","(-2.78411, 3.24743)","(-2.50576, 3.67776)","(-0.140968, 0.0875707)","(-0.236592, 0.284526)",2.9779796972999986,2.5891973027000015,yes,Unmedicated MDD,d__Bacteria; p__Firmicutes_A; c__Clostridia_258483; o__Oscillospirales; f__Ruminococcaceae; g__Phocea; s__, g__Phocea
TACGTAGGGGGCAAGCGTTATCCGGATTTACTGGGTGTAAAGGGAGCGTAGACGGCGAGGCAAGTCTGATGTGAAAGCCTGGGGCTTAACCCCGGAACTGCATTGGAAACTGCTTTGCTGGAGTGCCGGAGAGGTAAGCGGAATTCCTAG,-9.696202370000012,-1.7169540384150013,0.2229243961884992,0.5873087296699996,-0.01358169594525,-0.002887859779685,1.6374736306645024,0.977520883178243,1.0303892351880717,1.038308189557276,0.0491860729847502,0.071390108508013,"(-12.9426, -6.58479)","(-3.70472, -0.0409178)","(-1.68299, 2.10608)","(-1.21446, 2.6408)","(-0.110079, 0.078241)","(-0.138125, 0.126635)",1.9877659615849987,1.6760362384150014,yes,Unmedicated MDD,d__Bacteria; p__Firmicutes_A; c__Clostridia_258483; o__Lachnospirales; f__Lachnospiraceae; g__Catonella; s__Catonella morbi, s__Catonella morbi
TACGTAGGGTGCAAGCGTTATCCGGAATTATTGGGCGTAAAGGGCTCGTAGGCGGTTCGTCGCGTCCGGTGTGAAAGTCCATCGCTTAACGGTGGATCCGCGCCGGGTACGGGCGGGCTTGAGTGCGGTAGGGGAGACTGGAATTCCCGG,-7.317637005000002,-0.939701347,0.828838128800002,0.1467088675166501,0.0045632815869499,0.0436831158355,0.6110549246369595,0.2036579869110772,0.2319301020010925,0.248005900169405,0.0096722541037602,0.0196147262631363,"(-8.43588, -6.13161)","(-1.3217, -0.549611)","(0.386791, 1.23892)","(-0.351673, 0.583346)","(-0.0134628, 0.0225268)","(0.00684997, 0.0795585)",0.38199865300000013,0.390090347,yes,Unmedicated MDD,d__Bacteria; p__Actinobacteriota; c__Actinomycetia; o__Actinomycetales; f__Bifidobacteriaceae; g__Bifidobacterium_388775; s__Bifidobacterium breve, s__Bifidobacterium breve
TACGTAGGGAGCAAGCGTTATCCGGATTTATTGGGTGTAAAGGGTGCGTAGACGGGAAATTAAGTTAGTTGTGAAATCCCTCGGCTTAACTGAGGAACTGCAACTAAAACTGATTTTCTTGAGTGCTGGAGAGGAAAGTGGAATTCCTAG,-10.227643654200012,-5.358620170399994,0.5415052139749998,0.0709809078199999,0.0334509675205,-0.0088183459288,3.6489934343123687,2.631391852781336,2.053885068187005,2.1863776263036856,0.1028660150919208,0.1295260298270358,"(-17.2093, -3.7499)","(-11.0902, -1.06318)","(-3.42992, 4.3148)","(-4.22488, 3.91488)","(-0.154756, 0.232438)","(-0.25597, 0.232404)",5.731579829600006,4.295440170399994,yes,Unmedicated MDD,d__Bacteria; p__Firmicutes_A; c__Clostridia_258483; o__TANB77; f__CAG-508; g__CAG-269; s__CAG-269 sp000431335, s__CAG-269 sp000431335
TACGTAGGTGGCAAGCGTTGTCCGGAATTACTGGGTGTAAAGGGAGCGCAGGCGGGAAGCCAAGTCAGCTGTGAAAACTACAGGCTTAACTTGTAGACTGCAGTTGAAACTGGTTTTCTTGAGTGAAGTAGAGGTTGGCGGAATTCCGAG,-7.637649102149997,-7.8062839638,-0.4102441944199995,1.96685858501,0.0763106321641,-0.1717903105444999,3.944697652990617,2.891986637450518,2.2436665925781023,2.069762882642079,0.1159870186878196,0.1591211307500387,"(-14.9707, -0.558527)","(-13.7079, -2.60062)","(-4.56987, 4.09249)","(-1.85144, 5.86492)","(-0.115228, 0.292487)","(-0.464324, 0.118721)",5.9016160362,5.2056639638,yes,Unmedicated MDD,d__Bacteria; p__Firmicutes_A; c__Clostridia_258483; o__Oscillospirales; f__Acutalibacteraceae; g__Eubacterium_R; s__Eubacterium_R faecavium, s__Eubacterium_R faecavium
TACGTAGGATGCAAGCGTTATCCGGAATGACTGGGCGTAAAGGGTGCGTAGGTGGTTTGTCAAGTTGGCAGCGTAATTCCGTGGCTCAACCGCGGAACTACTGCCAAAACTGATAGGCTTGAGTGCGGCAGGGGTATGTGGAATTCCTAG,-10.041933950000017,-3.2152183219000063,-0.3854478566024995,0.8346668915280001,0.0244286425051699,-0.0035902042572999,2.110945365181038,1.0101961285376613,1.0075886789518,1.0816703897336877,0.0417500970619673,0.0790133546171216,"(-13.9648, -6.15244)","(-5.1054, -1.30962)","(-2.20318, 1.5704)","(-1.27254, 2.76373)","(-0.0546323, 0.103549)","(-0.151355, 0.144901)",1.890181678099994,1.9055983219000063,yes,Unmedicated MDD,d__Bacteria; p__Firmicutes_A; c__Clostridia_258483; o__Christensenellales; f__Borkfalkiaceae; g__Borkfalkia; s__, g__Borkfalkia
TACGTAGGTGGCGAGCGTTATCCGGAATTATTGGGCGTAAAGAGCGCGCAGGTGGTTGATTAAGTCTGATGTGAAAGCCCACGGCTTAACCGTGGAGGGTCATTGGAAACTGGTCAACTTGAGTGCAGAAGAGGGAAGTGGAATTCCATG,-11.78157097999998,-1.6142388930749991,-0.400519558779,-0.0187896454699999,0.0402455852066499,0.0339858696443499,1.8446266091301888,0.7747311305245315,0.8658967476301702,0.8336113979593016,0.026781564468974,0.0620402557860471,"(-15.1731, -8.1245)","(-3.15495, -0.265742)","(-1.94095, 1.2895)","(-1.67976, 1.42921)","(-0.0121378, 0.0867922)","(-0.0892788, 0.145446)",1.5407111069250008,1.3484968930749992,yes,Unmedicated MDD,d__Bacteria; p__Firmicutes_D; c__Bacilli; o__Haloplasmatales_A; f__Turicibacteraceae; g__Turicibacter; s__Turicibacter sanguinis, s__Turicibacter sanguinis
TACGTAGGTGGCAAGCGTTGTCCGGATTTACTGGGTGTAAAGGGCGCGTAGGCGGGATGGCAAGTCAGATGTGAAATCCATGGGCTCAACCCATGAACTGCATTTGAAACTGTCGTTCTTGAGTATCGGAGAGGCAAGCGGAATTCCTAG,-9.352308347550006,-2.71444442365,1.897973287785001,-0.6914048675035003,0.0494023009223999,-0.0138575528832999,2.3135597691435263,1.2531505488355754,1.132377497659638,1.0543694724470924,0.0428413710540107,0.0729728718040911,"(-13.3879, -4.60507)","(-5.02486, -0.254906)","(-0.152705, 4.18722)","(-2.66642, 1.32341)","(-0.0296721, 0.131396)","(-0.148109, 0.115262)",2.3104155763500005,2.4595384236499997,yes,Unmedicated MDD,d__Bacteria; p__Firmicutes_A; c__Clostridia_258483; o__Oscillospirales; f__Oscillospiraceae_88309; g__Limivicinus; s__Limivicinus sp002320035, s__Limivicinus sp002320035
TACGTATGGAGCAAGCGTTATCCGGATTTACTGGGTGTAAAGGGAGTGTAGGTGGCCATGCAAGTCAGAAGTGAAAATCCGGGGCTCAACCCCGGAACTGCTTTTGAAACTGTAAGGCTAGAGTGCAGGAGGGGTGAGTGGAATTCCTAG,-5.487670019999994,-0.794319160805001,0.1799902845169997,0.453966960518,-0.0227981424065,-0.0164129007588999,0.843748615459367,0.3494797953669974,0.3798849385375346,0.3668668936799108,0.0154875620300821,0.0306861234721963,"(-7.02832, -3.8749)","(-1.48083, -0.177265)","(-0.535575, 0.892474)","(-0.239737, 1.11648)","(-0.0519962, 0.00618215)","(-0.0722026, 0.0407084)",0.6865108391949991,0.617054160805001,yes,Unmedicated MDD,d__Bacteria; p__Firmicutes_A; c__Clostridia_258483; o__Lachnospirales; f__Lachnospiraceae; g__Lachnospira; s__Lachnospira eligens, s__Lachnospira eligens
TACGTAGGTGGCAAGCGTTATCCGGAATTACTGGGTGTAAAGGGTGTGTAGGCGGGTTTGCAAGTCAGATGTGAAAATTATGGGCTCAACCCATAACCTGCGTCTGAAACTACAGATCTTGAGAGTGGGAGAGGTAAATGGAATTCCCGG,-12.403112658500024,-4.089788818900002,-1.1100534645099964,-0.0934403844217501,0.0448673558522,0.0146222258025,2.9128545196101423,1.4872257210339137,1.5016273582403838,1.5269787563809234,0.0570167190983578,0.1148716345146234,"(-17.49, -6.60751)","(-7.00458, -1.58329)","(-4.03826, 1.82354)","(-2.86567, 2.93757)","(-0.0684823, 0.145428)","(-0.20007, 0.226549)",2.9147911810999982,2.5064988189000017,yes,Unmedicated MDD,d__Bacteria; p__Firmicutes_A; c__Clostridia_258483; o__Oscillospirales; f__CAG-272; g__Avispirillum; s__Avispirillum sp011957885, s__Avispirillum sp011957885
TACGTAGGGAGCGAGCGTTGTCCGGAATTACTGGGTGTAAAGGGTGCGTAGGCGGGATGGCAAGTCAGATGTGAAATACCGGGGCTTAACTCCGGGGCTGCATTTGAAACTGTCGTTCTTGAGTGAAGTAGAGGCAGGCGGAATTCCTAG,-13.185748215200023,-6.181668754649999,-2.1331496590000016,3.326580514469996,0.2074314862350005,-0.2434956447479998,4.26169689078887,3.1251055299232213,2.7873077548322245,2.192791669570312,0.1111270040945333,0.1791926570949419,"(-20.3059, -4.70137)","(-12.648, -0.872272)","(-7.37358, 2.77253)","(-1.04173, 7.44658)","(0.0137183, 0.413374)","(-0.57198, 0.0683094)",6.466331245350001,5.309396754649999,yes,Unmedicated MDD,d__Bacteria; p__Firmicutes_A; c__Clostridia_258483; o__Oscillospirales; f__Ruminococcaceae; g__Ruminococcus_C_59129; s__Ruminococcus_C_59129 flavefaciens_B, s__Ruminococcus_C_59129 flavefaciens_B
TACGTAGGGGGCAAGCGTTGTCCGGAATAATTGGGCGTAAAGGGCGCGTAGGCGGCTCGGTAAGTCTGGAGTGAAAGTCCTGCTTTTAAGGTGGGAATTGCTTTGGATACTGTCGGGCTTGAGTGCAGGAGAGGTTAGTGGAATTCCCAG,-5.238038469499995,-1.3540443399349973,0.618463529334999,1.0397289541199988,0.0254112380775,-0.1035878702742501,1.598915653868472,0.6614609530659155,0.7569405040732144,0.7546486379988157,0.0284897460891338,0.0510664046804395,"(-8.2942, -2.38835)","(-2.505, -0.0530442)","(-0.804788, 2.05547)","(-0.438241, 2.38523)","(-0.0250627, 0.0833859)","(-0.199378, -0.00468733)",1.1509556600650026,1.3010001399349973,yes,Unmedicated MDD,d__Bacteria; p__Firmicutes_A; c__Clostridia_258483; o__Christensenellales; f__CAG-74; g__SFMI01; s__, g__SFMI01
TACGTAGGGGGCAAGCGTTATCCGGATTTACTGGGTGTAAAGGGAGCGTAGACGGCGAGACAAGTCTGAAGTGAAAGCCCGGGGCTCAACCCCGGGACTGCTTTGGAAACTGCCTTGCTAGAGTGCTGGAGAGGTAAGTGGAATTCCTAG,-7.367164790000005,-0.4964975312800002,0.3200123062384998,0.5434282303449991,-0.0099904355141499,-0.00149810593705,0.6701719293054254,0.2341344226620219,0.2725426921578211,0.2750726688903712,0.0112905512490214,0.0211688661267376,"(-8.55601, -6.06329)","(-0.923137, -0.0629814)","(-0.173265, 0.861916)","(0.0477018, 1.05954)","(-0.0301786, 0.0120439)","(-0.0428214, 0.0355873)",0.4266394687199998,0.43351613128000016,yes,Unmedicated MDD,d__Bacteria; p__Firmicutes_A; c__Clostridia_258483; o__Lachnospirales; f__Lachnospiraceae; g__Ventrimonas; s__Ventrimonas sp003481825, s__Ventrimonas sp003481825
TACGTAGGGGGCAAGCGTTATCCGGATTTACTGGGTGTAAAGGGAGCGTAGACGGTTTAGCAAGTCTGAAGTGAAAGCCCGGGGCTCAACCCCGGTACTGCTTTGGAAACTGTTAGACTTGAGTGCAGGAGAGGTAAGTGGAATTCCTAG,-9.249601484999989,-1.5073172731000026,-0.23895245820205,1.3521272499099986,0.0712705595425,-0.03542680848675,1.4423419051491375,0.4615962665507171,0.6679688728764319,0.596600082133007,0.0241327952795536,0.0554170896682299,"(-11.7885, -6.35469)","(-2.29853, -0.562764)","(-1.42031, 1.10541)","(0.304032, 2.54905)","(0.0269504, 0.117835)","(-0.125123, 0.0814707)",0.7912127268999973,0.9445532731000026,yes,Unmedicated MDD,d__Bacteria; p__Firmicutes_A; c__Clostridia_258483; o__Lachnospirales; f__Lachnospiraceae; g__Hungatella_A_128155; s__Hungatella_A_128155 hathewayi, s__Hungatella_A_128155 hathewayi
TACGTAGGTGGCAAGCGTTGTCCGGAATTACTGGGTGTAAAGGGAGCGTAGGCGGGGAGGCAAGTTGAATGTCTAAACTATCGGCTCAACTGATAGTCGCGTTCAAAACTGCCACTCTTGAGTGCAGTAGAGGTAGGCGGAATTCCTAGT,-8.79304343000002,-0.9163752556200024,0.2488949635700001,0.6456319616549997,0.0360070808444999,0.014788695982335,0.946403232651672,0.3657853082603033,0.3689708594686903,0.389534791646186,0.0144755954716074,0.0312391301996445,"(-10.5366, -7.06316)","(-1.59365, -0.231843)","(-0.388634, 0.98428)","(-0.101324, 1.33376)","(0.00994847, 0.0642356)","(-0.0494511, 0.0693284)",0.6772747443799976,0.6845322556200024,yes,Unmedicated MDD,d__Bacteria; p__Firmicutes_A; c__Clostridia_258483; o__Oscillospirales; f__Ruminococcaceae; g__Negativibacillus; s__Negativibacillus massiliensis, s__Negativibacillus massiliensis
TACGGAGGATCCGAGCGTTATCCGGATTTATTGGGTTTAAAGGGAGCGTAGGTGGACATGTAAGTCAGTTGTGAAAGTTTGCGGCTCAACCGTAAAATTGCAGTTGATACTGTGTGTCTTGAGTACAGTAGAGGTGGGCGGAATTCGTGG,-10.710960425000016,-2.3831156196225023,0.0126150043504999,1.2392825091950008,0.025235903339,0.066113478925,3.3922101611607456,1.177571360023886,1.2262007883545378,1.2417154012511715,0.0472812250732114,0.093510144117159,"(-17.1856, -4.454)","(-4.58769, -0.134748)","(-2.32683, 2.34007)","(-0.971721, 3.53028)","(-0.0605618, 0.113221)","(-0.120798, 0.233155)",2.204574380377498,2.248367619622502,yes,Unmedicated MDD,d__Bacteria; p__Bacteroidota; c__Bacteroidia; o__Bacteroidales; f__Bacteroidaceae; g__Bacteroides_H; s__Bacteroides_H nordii, s__Bacteroides_H nordii
TACGGAGGGTGCAAGCGTTACTCGGAATCACTGGGCGTAAAGGGTGCGTAGGTGGATTATCAAGTCTCTTGTGAAATCTAATAGCTTAACTATTAAATTGCTTGGGAAACTGATAGTCTAGAGTAGGGGAGAGGCAGATGGAACTCTTGG,-6.275107524999981,-0.9279808518449992,1.19226410851,-0.5693147115019985,-0.0234456223744999,0.03781603618285,1.124713009597882,0.4260249004986272,0.5113135973111078,0.5982919527842623,0.0198397574398111,0.0487057633223028,"(-8.42773, -4.1415)","(-1.76762, -0.160441)","(0.30915, 2.20181)","(-1.59026, 0.568331)","(-0.0621959, 0.00983515)","(-0.0530377, 0.13089)",0.8396391481550007,0.7675398518449992,yes,Unmedicated MDD,d__Bacteria; p__Campylobacterota; c__Campylobacteria; o__Campylobacterales; f__Campylobacteraceae; g__Campylobacter_B; s__Campylobacter_B hominis, s__Campylobacter_B hominis
TACGTAGGTGGCAAGCGTTGTCCGGAATTACTGGGTGTAAAGGGAGCGTAGGCGGGAAAGCAAGTTGAATGTTTAAACTATCGGCTCAACCGATAATCGCGTTCAAAACTGTTTTTCTTGAGTGAAGTAGAGGTAGGCGGAATTCCTAGT,-9.872934925000004,-1.361274425000002,-0.1656139339284998,-0.2388491637849998,-0.0087363966954499,0.0217606098044,1.895675656934274,0.7095867932735871,0.8392427283608133,0.8884057633984366,0.0345364393095653,0.0552057050168534,"(-13.1706, -6.19166)","(-2.64535, -0.0235331)","(-1.8731, 1.3065)","(-1.82211, 1.51508)","(-0.0714224, 0.0585925)","(-0.0816639, 0.127189)",1.2840755749999981,1.3377413250000019,yes,Unmedicated MDD,d__Bacteria; p__Firmicutes_A; c__Clostridia_258483; o__Oscillospirales; f__Ruminococcaceae; g__QAMM01; s__, g__QAMM01
TACGTAGGTGGCAAGCGTTATCCGGAATTATTGGGCGTAAAGAGGGAGCAGGCGGCAGCAAGGGTCTGTGGTGAAAGACTGAAGCTTAACTTCAGTAAGCCATAGAAACCGGGCAGCTAGAGTGCAGGAGAGGATCGTGGAATTCCATGT,-10.1925664243,-5.553137051600007,-0.2608333258330002,-0.5846535970399998,0.1231058536356999,-0.1226383610159998,2.893840420255639,1.81081254357171,1.7264063448435023,1.62969712776485,0.0863446876933856,0.123354356460544,"(-15.2518, -4.56336)","(-8.98785, -2.29714)","(-3.61789, 2.8076)","(-3.6661, 2.67714)","(-0.0339009, 0.267263)","(-0.330452, 0.119504)",3.4347129483999925,3.255997051600007,yes,Unmedicated MDD,d__Bacteria; p__Firmicutes_D; c__Bacilli; o__Erysipelotrichales; f__Coprobacillaceae; g__Erysipelatoclostridium; s__Clostridium saccharogumia, s__Clostridium saccharogumia
TACGTAGGGGGCTAGCGTTATCCGGAATTACTGGGCGTAAAGGGTGCGTAGGTGGTTTCTTAAGTCAGAGGTGAAAGGCTACGGCTCAACCGTAGTAAGCCTTTGAAACTGGGAAACTTGAGTGCAGGAGAGGAGAGTGGAATTCCTAGT,-8.276548870000006,-1.4155753105000002,-0.0521258189265001,-0.6337629037649988,-0.004598663209405,0.0830402430500002,0.6911882837046821,0.244065584397129,0.2569743493227395,0.269149785098095,0.0118982789252955,0.0205944495498005,"(-9.52843, -6.99533)","(-1.90512, -0.976245)","(-0.533966, 0.41861)","(-1.16205, -0.160453)","(-0.0261473, 0.0192895)","(0.0418845, 0.119592)",0.48954468949999974,0.43933031050000015,yes,Unmedicated MDD,d__Bacteria; p__Firmicutes_A; c__Clostridia_258483; o__Peptostreptococcales; f__Peptostreptococcaceae_256921; g__Romboutsia_B; s__Romboutsia_B ilealis, s__Romboutsia_B ilealis
TACGTAGGGGGCAAGCGTTATCCGGATTTACTGGGTGTAAAGGGAGCGTAGACGGCAGCGCAAGTCTGAAGTGAAAGCCCGGGGCTCAACCCCGGAATGGCTTTGGAAACTGTGCGGCTAGAGTACCGGAGGGGTAAGCGGAATTCCTAG,-11.305019360000005,-1.1320004434050006,0.4993038810900004,0.7946442067499992,-0.043115704464485,0.0722452136540502,1.3875650918536724,0.5298221438871936,0.6108981850408457,0.6327993150956818,0.024021449866751,0.0462035512111423,"(-14.0278, -8.6949)","(-2.06634, -0.0632779)","(-0.578576, 1.60887)","(-0.439272, 1.91278)","(-0.0910114, -0.000767233)","(-0.0178238, 0.154489)",0.9343395565949992,1.0687225434050007,yes,Unmedicated MDD,d__Bacteria; p__Firmicutes_A; c__Clostridia_258483; o__Lachnospirales; f__Lachnospiraceae; g__UBA3402; s__UBA3402 sp003478355, s__UBA3402 sp003478355
TACGTAGGGAGCAAGCGTTATCCGGATTTACTGGGTGTAAAGGGCGCGCAGGCGGGCCGGTAAGTTGGAAGTGAAATCTATGGGCTTAACCCATAAACTGCTTTCAAAACTGCTGGTCTTGAGTGATGGAGAGGCAGGCGGAATTCCGTG,-8.910787654999986,-0.5234951154499998,0.4489814541050004,-0.00519483143,-0.0070580622329484,0.047229427811,0.562028285283091,0.2110785452445735,0.2305306430283349,0.2531779703031306,0.0095692280933307,0.0191995454483447,"(-9.91175, -7.83632)","(-0.945812, -0.144692)","(0.0166307, 0.871463)","(-0.493568, 0.438136)","(-0.0241675, 0.0124314)","(0.0105625, 0.0826016)",0.42231688455000016,0.37880311544999984,yes,Unmedicated MDD,d__Bacteria; p__Firmicutes_A; c__Clostridia_258483; o__Oscillospirales; f__Butyricicoccaceae; g__Agathobaculum; s__Agathobaculum butyriciproducens, s__Agathobaculum butyriciproducens
TACGTAGGGGGCAAGCGTTATCCGGATTTACTGGGTGTAAAGGGAGCGCAGACGGCACTGCAAGTCTGAAGTGAAAGCCCGGGGCTCAACCCCGGGACTGCTTTGGAAACTGTAGAGCTAGAGTGCTGGAGAGGCAAGCGGAATTCCTAG,-8.108049329999997,-0.7148457627550009,1.0249940304999992,-0.0059558623779999,-0.00046768070615,0.0589896493994999,0.682151357486556,0.285228027201849,0.3073884490819902,0.3268254362162239,0.014196746245376,0.0246165265933094,"(-9.36796, -6.8441)","(-1.25615, -0.179642)","(0.435414, 1.58684)","(-0.601514, 0.63691)","(-0.0265575, 0.0265191)","(0.0131767, 0.104724)",0.5413042372449992,0.5352037627550009,yes,Unmedicated MDD,d__Bacteria; p__Firmicutes_A; c__Clostridia_258483; o__Lachnospirales; f__Lachnospiraceae; g__Enterocloster; s__Enterocloster sp000431375, s__Enterocloster sp000431375
TACGTAGGTGGCAAGCGTTGTCCGGAATTACTGGGTGTAAAGGGAGCGTAGGCGGGAAGATAAGTTGGACGTTTAATCTATCGGCTCAACCGATATCAGCGTTCAAAACTGTTTTTCTTGAGTGAAGTAGAGGTAAGCGGAATTCCTAGT,-9.519155625500009,-2.045376175294998,0.8919728173605,-0.4054748484009998,0.0087557093170949,-0.047597745898,2.952811006256264,1.107588942340342,1.1841498325203472,1.4437877288614775,0.0473092504925914,0.0871010881853955,"(-15.387, -4.29647)","(-4.06709, -0.0250401)","(-1.14081, 3.30454)","(-3.10688, 2.45952)","(-0.0756037, 0.102763)","(-0.218264, 0.11269)",2.021713824705002,2.020336075294998,yes,Unmedicated MDD,d__Bacteria; p__Firmicutes_A; c__Clostridia_258483; o__Oscillospirales; f__Ruminococcaceae; g__Paludicola; s__Paludicola psychrotolerans, s__Paludicola psychrotolerans
TACGTAGGGGGCAAGCGTTATCCGGAATTATTGGGCGTAAAGAGTACGTAGGTGGTTACCTAAGCAAGGGGTTTAAGGCAATGGCTTAACTATTGTTCGCCCCTTGAACTGGGCTACTTGAGTGCAGGAGAGGAAAGCGGAATTCCTAGT,-10.708035235499976,-2.244515650799998,-1.9558307393949956,0.4639232718505007,0.0256852179054499,-0.02891224264185,2.819545053960564,1.1331119271331849,1.450087694205644,1.4595982177680005,0.0523606762153479,0.0795890124178582,"(-16.2086, -5.59751)","(-4.35817, -0.211135)","(-4.77121, 0.753701)","(-1.85589, 3.6163)","(-0.0718215, 0.126747)","(-0.175694, 0.125938)",2.113654349200002,2.033380650799998,yes,Unmedicated MDD,d__Bacteria; p__Firmicutes_A; c__Clostridia_258483; o__Peptostreptococcales; f__Anaerovoracaceae; g__Copromorpha; s__Copromorpha sp900066305, s__Copromorpha sp900066305
TACGTAGGGAGCGAGCGTTGTCCGGATTTACTGGGTGTAAAGGGTGCGTAGGCGGGATGGCAAGTCAGATGTGAAATACCGGGGCTTAACCCCGGGGCTGCATTTGAAACTGTCGTTCTTGAGTGAAGTAGAGGCAGGCGGAATTCCTAG,-9.04800495,-0.8145578960900013,-1.5592548965850015,0.749377710054501,0.00929918375615,-0.0012071985601499,1.0586432823567615,0.3962369140358803,0.4702620673962635,0.4872645831044735,0.01669018060821,0.0347067711475154,"(-11.083, -7.14945)","(-1.54777, -0.065887)","(-2.36059, -0.620107)","(-0.133009, 1.68391)","(-0.0245819, 0.0389989)","(-0.0677621, 0.0627411)",0.7332121039099988,0.7486708960900013,yes,Unmedicated MDD,d__Bacteria; p__Firmicutes_A; c__Clostridia_258483; o__Oscillospirales; f__Acutalibacteraceae; g__UBA5905; s__, g__UBA5905
TACGTAGGGGGCAAGCGTTATCCGGATTTACTGGGTGTAAAGGGAGCGTAGACGGTATGGCAAGTCTGATGTGAAAGGCCAGGGCTCAACCCTGGGACTGCATTGGAAACTGTCGAACTAGAGTGTCGGAGAGGCAAGTGGAATTCCTAG,-10.933652304999985,-0.777897661041499,1.2471450962849997,0.2532117578534996,-0.01137342969575,0.0490887549587499,1.1153579258132962,0.3946515402216459,0.458974907527032,0.5034243117857327,0.0181483755003508,0.0323169851530132,"(-12.9757, -8.83767)","(-1.61001, -0.0899583)","(0.415094, 2.07578)","(-0.626469, 1.25903)","(-0.0437926, 0.0227833)","(-0.00954737, 0.10913)",0.8321123389585009,0.687939361041499,yes,Unmedicated MDD,d__Bacteria; p__Firmicutes_A; c__Clostridia_258483; o__Lachnospirales; f__Lachnospiraceae; g__Lachnoclostridium_B; s__Lachnoclostridium_B sp900066555, s__Lachnoclostridium_B sp900066555
TACGTAGGGAGCGAGCGTTGTCCGGAATTACTGGGTGTAAAGGGAGCGTAGGCGGGAGCGCAAGTTAAATGTTTAAACTATCGGCTCAACTGATAGTCGCGTTTAAAACTGCGTTTCTTGAGTGAAGTAGAGGCAGGCGGAATTCCTAGT,-9.763941511500017,-2.031329672400001,2.044115136387997,0.1031191748354997,0.0278800544874849,-0.1182268726359999,2.425145515414082,1.0855562726375576,1.382874796758213,1.1907035630738474,0.0459393712027363,0.1046676636691861,"(-14.0142, -4.90812)","(-4.16976, -0.0808258)","(-0.469772, 4.62293)","(-2.18291, 2.25892)","(-0.062889, 0.110447)","(-0.295284, 0.0895556)",2.138430327599999,1.950503872400001,yes,Unmedicated MDD,d__Bacteria; p__Firmicutes_A; c__Clostridia_258483; o__Oscillospirales; f__Ruminococcaceae; g__Anaerotruncus; s__Anaerotruncus sp003612625, s__Anaerotruncus sp003612625
TACGTAGGGAGCGAGCGTTATCCGGATTTATTGGGTGTAAAGGGTGCGTAGACGGGAAGATAAGTTAGTTGTGAAATCCCTCGGCTTAACTGAGGAACTGCAACTAAAACTGTTTTTCTTGAGTACTGGAGAGGAAAGTGGAATTCCTAG,-7.844518175350008,-6.776137150709999,0.9898487640609984,4.331392090645002,0.1483750432740897,-0.281627615912,3.7935123829663655,3.5180104346214454,2.577561102027611,2.8051300225980733,0.1936642867033886,0.2957778882010028,"(-14.0754, 0.368398)","(-13.7699, -0.466764)","(-3.51695, 5.97963)","(-0.532495, 10.0054)","(-0.188854, 0.514069)","(-0.826323, 0.273032)",6.993762849290001,6.309373150709998,yes,Unmedicated MDD,d__Bacteria; p__Firmicutes_A; c__Clostridia_258483; o__TANB77; f__CAG-508; g__CAG-269; s__CAG-269 sp000431335, s__CAG-269 sp000431335
TACGTAGGTGGCAAGCGTTGTCCGGAATTACTGGGTGTAAAGGGAGCGTAGGCGGGAAGGCAAGTCAAGTGTCAAATCTATCGGCTCAACTGATAGTCGCGCTTGAAACTGTTTTTCTTGAGTGGAGTAGAGGCAGGCGGAATTCCTAGT,-12.199092077999984,-5.630583489400015,-4.406501482754996,-3.965972360329996,0.1123654913430499,-0.1503637518444997,3.606050707166193,3.093651268427745,3.4081756415172824,3.472008539056774,0.1363903582803655,0.1865588657856631,"(-18.5067, -5.17563)","(-11.8457, -0.139823)","(-11.4335, 1.35332)","(-10.595, 2.58932)","(-0.131476, 0.343242)","(-0.502979, 0.134167)",6.2151165105999855,5.4907604894000155,yes,Unmedicated MDD,d__Bacteria; p__Firmicutes_A; c__Clostridia_258483; o__Oscillospirales; f__Ruminococcaceae; g__Angelakisella; s__, g__Angelakisella
TACGTAGGGGGCGAGCGTTGTCCGGAATGATTGGGCGTAAAGGGCGCGTAGGCGGCCTGCTAAGTCTGGAGTGAAAGTCCTGCTTTCAAGGTGGGAATTGCTTTGGATACTGGTGGGCTGGAGTGCAGGAGAGGAAAGCGGAATTACCGG,-7.810056295000002,-0.5059516130300009,0.3909679149915001,1.137935333499999,-0.009573770388215,0.0027845383875499,0.7284775015709286,0.255710311465275,0.2983269313271343,0.3310587964587532,0.010566994120273,0.0218124114034634,"(-9.17534, -6.44498)","(-0.962481, -0.0332931)","(-0.159254, 0.955967)","(0.545292, 1.79058)","(-0.0301231, 0.00941341)","(-0.0366259, 0.0447561)",0.4565293869699991,0.4726585130300009,yes,Unmedicated MDD,d__Bacteria; p__Firmicutes_A; c__Clostridia_258483; o__Christensenellales; f__CAG-74; g__Onthenecus; s__, g__Onthenecus
TACGGAGGGTGCAAGCGTTAATCGGAATCACTGGGCGTAAAGCGCACGTAGGCGGCTTGGTAAGTCAGGGGTGAAATCCCACAGCCCAACTGTGGAACTGCCTTTGATACTGCCAGGCTTGAGTACCGGAGAGGGTGGCGGAATTCCAGG,-5.557082685000003,-0.5064316154935,-0.3271426107204995,-0.1560468198474498,-0.00082580639653,-0.0098956147640499,0.6199665892848916,0.2075749044754695,0.2411595179580654,0.2397774910198246,0.01031609316829,0.0196760390665778,"(-6.73157, -4.41198)","(-0.865376, -0.0950596)","(-0.777858, 0.125962)","(-0.59537, 0.302012)","(-0.0205673, 0.0173111)","(-0.0476549, 0.0266062)",0.3589443845065,0.4113720154935,yes,Unmedicated MDD,d__Bacteria; p__Desulfobacterota_I; c__Desulfovibrionia; o__Desulfovibrionales; f__Desulfovibrionaceae; g__Bilophila; s__Bilophila wadsworthia, s__Bilophila wadsworthia
TACGTAGGGGGCAAGCGTTGTCCGGAATTATTGGGCGTAAAGGGTGCGTAGGCGGCCGATCAAGTCAGGTGTGAAAGACCCGTGCTTAACATGGGGGTTGCACTTGAAACTGGTTGGCTTGAGTATGGGAGAGGCAAGCGGAATTCCCGG,-9.967325824049992,-5.95968250472998,1.0516971716254988,1.4533758378299997,-0.0314252105662499,-0.0716153752916999,3.675609114179346,2.9180477740893656,1.6247958893868146,1.6883607826652876,0.0617856287978755,0.1171776707919184,"(-16.1936, -2.52617)","(-11.5939, -0.716622)","(-2.05447, 4.13674)","(-1.524, 4.68761)","(-0.144451, 0.0851636)","(-0.283997, 0.150841)",5.634217495270019,5.24306050472998,yes,Unmedicated MDD,d__Bacteria; p__Firmicutes_A; c__Clostridia_258483; o__Christensenellales; f__; g__; s__, o__Christensenellales
TACGTAGGGGGCAAGCGTTATCCGGATTTACTGGGTGTAAAGGGTGCGTAGGTGGCAAGGCAAGTCAGATGTGAAAGCCCGGGGCTCAACCCCGGTATTGCATTTGAAACTGTTTAGCTAGAGTGCAGGAGAGGTAAGTGGAATTCCTAG,-6.0630106904499925,-3.1556302363599955,0.0375638902790001,0.4703496346555001,0.0261921242969999,-0.1332569040505,2.901970242694779,1.1998922968004655,1.423572165128046,1.4519835627662705,0.0647771267821441,0.0906461242721819,"(-11.9001, -1.04594)","(-5.40205, -0.946715)","(-2.40432, 2.95736)","(-2.02747, 3.29096)","(-0.0881085, 0.154958)","(-0.314642, 0.0331405)",2.2464197636400045,2.2089152363599958,yes,Unmedicated MDD,d__Bacteria; p__Firmicutes_A; c__Clostridia_258483; o__Lachnospirales; f__Lachnospiraceae; g__Eubacterium_F; s__Eubacterium_F sp000687695, s__Eubacterium_F sp000687695
AACGTAGGGTGCAAGCGTTGTCCGGAATTACTGGGTGTAAAGGGAGCGCAGGCGGACCGGCAAGTTGGAAGTGAAAACTATGGGCTCAACCCATAAATTGCTTTCAAAACTGCTGGCCTTGAGTAGTGCAGAGGTAGGTGGAATTCCCGG,-5.686916175,-0.4504109790385004,0.424726531421499,0.1935852866908995,-0.0070081602373799,0.0165654258738,0.5451170738347122,0.1972283475105211,0.2235786932939933,0.228332379523977,0.0088631378982928,0.0183867109883987,"(-6.70194, -4.66763)","(-0.811923, -0.059356)","(-0.00340975, 0.829429)","(-0.259002, 0.599195)","(-0.0232568, 0.00935252)","(-0.0174316, 0.0499587)",0.36151202096149954,0.3910549790385004,yes,Unmedicated MDD,d__Bacteria; p__Firmicutes_A; c__Clostridia_258483; o__Oscillospirales; f__Ruminococcaceae; g__Gemmiger_A_73129; s__Gemmiger_A_73129 formicilis_72474, s__Gemmiger_A_73129 formicilis_72474
TACGTAGGTGGCAAGCGTTGTCCGGAATTACTGGGTGTAAAGGGAGCGTAGGCGGGATGCCAAGTCAGCTGTGAAAACTATGGGCTTAACTTGTAGACTGCAGTTGAAACTGGTATTCTTGAGTGAAGTAGAGGTTGGCGGAATTCCGAG,-10.152943796754991,-3.333039001679996,0.8594222271749994,1.2454657434449987,-0.0239107976098499,0.09525462173345,3.0409848437479443,1.3400982141369866,1.1596703631798642,1.3208662111833702,0.0422902692894097,0.1167322847938442,"(-16.0728, -4.64705)","(-5.91339, -0.867826)","(-1.18619, 3.10808)","(-1.06144, 3.90648)","(-0.095591, 0.0672789)","(-0.114037, 0.32106)",2.5803509983200037,2.465213001679996,yes,Unmedicated MDD,d__Bacteria; p__Firmicutes_A; c__Clostridia_258483; o__Oscillospirales; f__Acutalibacteraceae; g__Eubacterium_R; s__Eubacterium_R sp000436835, s__Eubacterium_R sp000436835
TACGTAGGGGGCAAGCGTTATCCGGATTTACTGGGTGTAAAGGGAGCGTAGACGGTAAAGCAAGTCTGAAGTGAAAGCCCGGGGCTCAACCCCGGGACTGCTTTGGAAACTGTTTAACTAGAGTGCTGGAGAGGTAAGCGGAATTCCTAG,-7.55864866999999,-0.544608152607999,0.2615520074685,0.2873774384815001,-0.0010378035100949,0.0501798647844999,0.5529673178078719,0.2128860840959493,0.2254435375722389,0.2380469935927402,0.0098984790612061,0.0188554087901575,"(-8.5492, -6.51938)","(-0.926438, -0.140516)","(-0.178369, 0.659969)","(-0.175338, 0.698744)","(-0.0190853, 0.0179208)","(0.0157621, 0.0853258)",0.381829847392001,0.404092152607999,yes,Unmedicated MDD,d__Bacteria; p__Firmicutes_A; c__Clostridia_258483; o__Lachnospirales; f__Lachnospiraceae; g__Clostridium_Q_135822; s__Clostridium_Q_135822 fessum, s__Clostridium_Q_135822 fessum
TACGTAGGGGGCAAGCGTTATCCGGATTTACTGGGTGTAAAGGGAGCGTAGACGGCATGGCAAGCCAGATGTGAAAACCCAGGGCTCAACCTTGGGATTGCATTTGGAACTGCCAGGCTGGAGTGCAGGAGAGGTAAGCGGAATTCCTAG,-8.73980311999999,-0.9973833404849984,-1.3548638413250012,0.4067016399584995,0.0422715359475,0.0025629581649,1.14537914499984,0.4680824697132358,0.5253126497122642,0.5362101041140218,0.0202531809454619,0.044860177624873,"(-10.9535, -6.69905)","(-1.91313, -0.134119)","(-2.35212, -0.410224)","(-0.57451, 1.43425)","(0.00207013, 0.0782395)","(-0.0896904, 0.0787444)",0.9157466595150016,0.8632643404849984,yes,Unmedicated MDD,d__Bacteria; p__Firmicutes_A; c__Clostridia_258483; o__Lachnospirales; f__Lachnospiraceae; g__Eisenbergiella; s__Eisenbergiella tayi, s__Eisenbergiella tayi
TACGTAGGGAGCGAGCGTTGTCCGGAATTACTGGGTGTAAAGGGAGCGTAGGCGGGATCGCAAGTCAGATGTGAAAACTATGGGCTTAACCCATAAACTGCATTTGAAACTGTGGTTCTTGAGTGAAGTAGAGGTAAGCGGAATTCCTAG,-5.729504089999985,-1.4178938080000028,-0.0987835270700998,0.7146953570049983,-0.0310027697166499,0.0341732877079,0.7967541809672994,0.3469023257671778,0.4007483697389757,0.3991618300465649,0.0183972212731593,0.0287197908772232,"(-7.11559, -4.23464)","(-2.10571, -0.783509)","(-0.821449, 0.695846)","(0.0243651, 1.45974)","(-0.0628873, 0.00451412)","(-0.0186991, 0.0887921)",0.6878161919999974,0.6343848080000027,yes,Unmedicated MDD,d__Bacteria; p__Firmicutes_A; c__Clostridia_258483; o__Oscillospirales; f__Ruminococcaceae; g__Ruminococcus_D; s__Ruminococcus_D bicirculans, s__Ruminococcus_D bicirculans
TACGTAGGTAGCGAGCGTTGTCCGGAATTACTGGGTGTAAAGGGAGCGTAGGCGGGATTGCAAGTTGAATGTTAAATCTATGGGCTCAACCCATAGCCGCGTTCAAAACTGCAGTTCTTGAGTGAAGTAGAGGCAGGCGGAATTCCTAGT,-7.464664917399998,-4.204635606999997,-0.7521468970049988,-0.3124871464449995,0.0900948274839999,-0.2566872147539998,3.1369243669290965,1.3261578102098224,1.262281766663612,1.389068689115315,0.05727350949273,0.1208701069355098,"(-13.486, -2.03363)","(-6.65876, -1.76386)","(-3.00309, 1.70726)","(-2.82592, 2.33628)","(-0.018182, 0.192671)","(-0.480104, -0.0324532)",2.4541243930000034,2.4407756069999964,yes,Unmedicated MDD,d__Bacteria; p__Firmicutes_A; c__Clostridia_258483; o__Oscillospirales; f__Ruminococcaceae; g__Massiliimalia_59888; s__, g__Massiliimalia_59888
TACGTAGGTGGCGAGCGTTATCCGGAATTATTGGGCGTAAAGAGGGAGCAGGCGGCACTAAGGGTCTGTGGTGAAAGATCGAAGCTTAACTTCGGTAAGCCATGGAAACCGTAGAGCTAGAGTGTGTGAGAGGATCGTGGAATTCCATGT,-6.943886220000004,-0.7197039194049994,0.7745818100499992,-0.6383193465560002,-0.0030332901056899,0.0130274739562499,0.6450432929523509,0.2361605071824865,0.2767335377893058,0.2921833885164725,0.011646809859979,0.0207170493198006,"(-8.12333, -5.73097)","(-1.14107, -0.25525)","(0.27548, 1.28985)","(-1.20265, -0.0991389)","(-0.0262211, 0.017445)","(-0.0245082, 0.052987)",0.4213660805950006,0.46445391940499947,yes,Unmedicated MDD,d__Bacteria; p__Firmicutes_D; c__Bacilli; o__Erysipelotrichales; f__Coprobacillaceae; g__Faecalibacillus; s__Faecalibacillus intestinalis, s__Faecalibacillus intestinalis
TACGTAGGGGGCAAGCGTTATCCGGATTTACTGGGTGTAAAGGGAGCGTAGACGGATGGACAAGTCTGATGTGAAAGACTGGGGCTCAACCCCGGGACTGCATTGGAAACTGCCCGTCTTGAGTGCCGGAGAGGTAAGCGGAATTCCTAG,-11.47149453019999,-2.482259189505,2.4057778590299987,1.251761456229998,-0.0122870588627499,-0.0345107103852849,3.1771913531600884,1.3385862319843975,1.3383292056532454,1.1192323423772148,0.0505813063715253,0.104802859003103,"(-17.4721, -5.66547)","(-4.96615, -0.0138835)","(0.147877, 5.23193)","(-0.850503, 3.36145)","(-0.11333, 0.0743442)","(-0.253899, 0.141204)",2.4838908104949997,2.468375689505,yes,Unmedicated MDD,d__Bacteria; p__Firmicutes_A; c__Clostridia_258483; o__Lachnospirales; f__Lachnospiraceae; g__Blautia_A_141781; s__Blautia_A_141781 massiliensis, s__Blautia_A_141781 massiliensis
TACGTAGGTGGCAAGCGTTATCCGGATTTACTGGGTGTAAAGGGCGTGTAGGCGGGAAGGCAAGTCAGATGTGAAAACTATGGGCTCAACTCATAGCCTGCATTTGAAACTGTTTTTCTTGAGTGCTGGAGAGGCAATCGGAATTCCGTG,-9.968861271600012,-6.645788073090007,-0.3700913262349995,-1.1757066605199968,-0.0115498725473499,0.0204571224503999,3.982009010228188,3.487076078222518,2.803590631094929,3.1879391369798484,0.1848185062112831,0.2366357404049603,"(-18.3389, -3.0819)","(-13.9994, -0.666493)","(-5.72845, 4.93203)","(-7.59783, 4.49568)","(-0.35696, 0.343633)","(-0.38674, 0.519692)",7.353611926909992,5.979295073090007,yes,Unmedicated MDD,d__Bacteria; p__Firmicutes_A; c__Clostridia_258483; o__Oscillospirales; f__Oscillospiraceae_88309; g__Lawsonibacter; s__Lawsonibacter asaccharolyticus, s__Lawsonibacter asaccharolyticus
TACGTAGGGTGCGAGCGTTAATCGGAATTACTGGGCGTAAAGCGTGCGCAGGCGGTTGTGTAAGACAGATGTGAAATGCCCGGGCTTAACCTGGGAATTGCATTTGTGACTGCACGGCTAGAGTGTGTCAGAGGGGGGTAGAATTCCACG,-8.59981947535501,-1.9466723932950016,2.38969456757,0.7245420269302506,-0.0502736330263499,-0.0199762934655,2.1273774468563533,0.8477250492891677,1.050966483326487,0.891934109168866,0.0424314646009695,0.0719216960219925,"(-12.8855, -4.90023)","(-3.51299, -0.337644)","(0.480156, 4.381)","(-0.888341, 2.46715)","(-0.134294, 0.0242498)","(-0.147365, 0.119025)",1.5663176067049982,1.6090283932950016,yes,Unmedicated MDD,d__Bacteria; p__Proteobacteria; c__Gammaproteobacteria; o__Burkholderiales_592524; f__Burkholderiaceae_A_574938; g__Oxalobacter_566322; s__Oxalobacter formigenes_B, s__Oxalobacter formigenes_B
TACGTAGGTGGCGAGCGTTATCCGGAATTATTGGGCGTAAAGAGCGCGCAGGTGGTTGATTAAGTCTGATGTGAAAGCCCACGGCTTAACCGTGGAGGGTCATTGGAAACTGGTCGACTTGAGTGCAGAAGAGGGAAGTGGAATTCCATG,-8.898078119999976,-0.7118172235399978,0.09983221424495,0.4325156999104145,-0.0138041841430499,0.0287359492318,0.8663389620117905,0.3707509477409214,0.3854678723679552,0.4255959291222609,0.0166173555870851,0.031938128827334,"(-10.4766, -7.26943)","(-1.37639, -0.00613859)","(-0.596334, 0.8428)","(-0.362091, 1.24131)","(-0.043669, 0.0179304)","(-0.031532, 0.0901891)",0.6645727764600022,0.7056786335399977,yes,Unmedicated MDD,d__Bacteria; p__Firmicutes_D; c__Bacilli; o__Haloplasmatales_A; f__Turicibacteraceae; g__Turicibacter; s__Turicibacter sp001543345, s__Turicibacter sp001543345
TACGTAGGGGGCAAGCGTTATCCGGAATTATTGGGCGTAAAGAGTGCGTAGGTGGTTACCTAAGCAGGGGGTGAAAGGCACTGGCTTAACCAATGTCAGCCCCCTGAACTGGGTACCTTGAGTGCAGGAGAGGAAAGCGGAATTCCTAGT,-11.676831235000003,-1.2368317000120037,0.9207124158300006,0.5240993144109994,-0.02249207772823,0.073558579183,1.4069670035649826,0.6213685021191827,0.5636984899601883,0.6318760840311409,0.0233786247175505,0.0472447391189183,"(-14.3916, -9.0364)","(-2.4186, -0.0703645)","(-0.0839951, 1.94034)","(-0.63039, 1.67579)","(-0.0652718, 0.0225099)","(-0.0224608, 0.16075)",1.1817682999879964,1.1664672000120038,yes,Unmedicated MDD,d__Bacteria; p__Firmicutes_A; c__Clostridia_258483; o__Peptostreptococcales; f__Anaerovoracaceae; g__; s__, f__Anaerovoracaceae
